mtllib BlastDoor.mtl
g g0
o mesh0
v -59.5387 -4.86053 7.42088
v -0.00827922 4.22963 7.42926
v -0.00850129 4.77187 10.5273
v 6.75257 4.771 17.0481
v -6.77031 4.77017 17.0472
v -29.2092 4.74532 119.285
v 29.1789 4.74888 119.288
v -63.7215 5.64016 128.061
v 63.6901 5.64793 128.069
v -0.0157252 5.64015 128.069
v 63.6901 5.6792 0.0691184
v -0.00791813 5.67143 0.0691198
v -63.7059 5.67143 0.0613463
v 63.9021 5.64798 127.981
v 63.9898 5.64804 127.769
v 63.9899 5.67916 0.368838
v 63.9897 5.66277 68.6539
v 63.9021 5.6792 0.156904
v -0.00847576 4.77192 10.1087
v -0.00833206 4.77245 7.75269
v 29.1795 -4.6645 65.3656
v 55.2099 -4.66447 92.2112
v 29.1792 -4.66494 62.3983
v 55.2096 -4.66491 89.2439
v -29.2031 -4.66857 75.9325
v -55.2366 -4.6717 102.775
v -29.2037 -4.66814 78.8999
v -55.2372 -4.67127 105.742
v 29.1795 -4.66453 78.9034
v 55.2098 -4.66451 105.749
v 29.1792 -4.66496 75.9361
v 55.2096 -4.66493 102.782
v -0.00833036 -4.85323 17.3482
v -6.76973 -4.85409 17.0461
v -0.00831197 -4.85331 17.0469
v 6.75316 -4.85326 17.0469
v -0.00791415 -4.85337 10.5261
v -0.0084255 -3.65649 17.7112
v -0.0084818 -3.65648 18.6341
v 11.1018 -3.65642 18.6341
v -7.51633 -4.85417 17.3473
v -11.1188 -3.65777 18.6327
v -8.8321 -3.65752 17.7102
v -0.00782816 -3.65652 7.92003
v -0.00826932 3.57565 7.92091
v -0.00834751 3.57525 9.20286
v -7.51691 4.77009 17.3484
v 7.49908 4.77101 17.3493
v 11.3342 4.77108 18.6914
v -11.3522 4.76969 18.69
v -8.83254 3.57319 17.711
v 8.8148 3.57426 17.7121
v 11.1014 3.57429 18.6349
v -11.1192 3.57294 18.6336
v -57.3892 -6.28804 68.6448
v -26.5926 -6.28429 37.2814
v -57.3959 -6.28815 121.437
v -26.6029 -6.28432 121.441
v -55.233 -3.91926 70.8019
v -29.1994 -3.9161 43.9595
v -29.2086 -3.91628 119.284
v -55.239 -3.91775 119.28
v -27.9214 -7.25033 120.349
v -56.1848 -7.25375 120.226
v -56.3653 -7.25393 69.6689
v -27.7571 -7.2503 40.2659
v -28.739 -7.25054 119.672
v -29.2085 -6.90677 119.284
v -55.6696 -7.2539 119.711
v -55.2387 -6.90983 119.28
v -55.597 -7.25373 70.4373
v -55.2328 -6.91 70.8017
v -29.1992 -6.9066 43.9593
v -28.7843 -7.25042 42.7733
v -0.0077586 -4.3051 7.42822
v 59.5232 -4.30513 7.42822
v 59.5232 -4.30527 66.4951
v -0.0091712 -4.30524 30.583
v 23.9678 -4.30525 30.583
v -63.7216 -0.0590019 128.06
v -0.0153777 -0.0551167 128.068
v 63.6908 -0.0512306 128.068
v -63.7208 -5.75816 128.06
v -0.0150304 -5.75039 128.068
v 63.6908 -5.75039 128.068
v 59.5227 4.23692 7.42926
v 59.5227 4.22262 66.4961
v -59.5442 4.21993 47.5933
v -59.5392 4.22966 7.422
v -59.5465 4.21536 66.4889
v -23.9867 4.22411 30.5812
v 23.9673 4.22704 30.5841
v 28.7092 7.14236 119.677
v 55.6399 7.14571 119.72
v 55.5733 7.15759 70.4458
v 28.764 7.16104 42.7785
v -57.39 6.18534 68.6463
v -26.5934 6.193 37.283
v -57.3966 6.17254 121.438
v -26.6037 6.17246 121.442
v -55.2335 3.81629 70.8028
v -29.1999 3.82287 43.9604
v -29.2091 3.80463 119.285
v -27.9223 7.13858 120.351
v -56.1857 7.13858 120.228
v -56.3662 7.1511 69.6707
v -27.758 7.15814 40.2677
v -29.2093 6.79513 119.285
v -28.7399 7.13886 119.674
v -55.2396 6.795 119.282
v -55.6705 7.13892 119.713
v -29.2001 6.81337 43.961
v -55.2337 6.80703 70.8034
v -55.5979 7.1508 70.4391
v -28.7852 7.15753 42.775
v 59.5227 4.24462 48.5425
v 59.5227 4.64761 48.5426
v 18.757 4.65257 7.4293
v 18.757 4.24958 7.4292
v 59.5227 4.64807 46.6586
v 59.5227 4.24507 46.6585
v 20.6251 4.24981 7.4292
v 20.6251 4.6528 7.4293
v 18.7576 -4.73102 7.42815
v 59.5233 -4.73114 48.5414
v 59.5232 -4.32815 48.5414
v 18.7576 -4.32803 7.42815
v 20.6256 -4.32803 7.42815
v 59.5232 -4.32814 46.6574
v 59.5233 -4.73114 46.6574
v 20.6256 -4.73103 7.42815
v -59.5435 -4.86062 46.4766
v -20.8132 -4.85578 7.42561
v 59.5226 4.77979 7.42933
v 59.5227 4.77033 46.485
v 20.7972 4.77504 7.42933
v 18.5855 -4.85325 7.42815
v 59.5233 -4.8534 66.495
v 59.5233 -4.85336 48.715
v 23.9679 -4.85338 30.583
v -59.5459 -4.86067 66.4878
v -23.9861 -4.85631 30.58
v -18.6009 -4.85551 7.42588
v -59.5438 -4.86063 48.7078
v -59.5438 -4.33541 48.5342
v -59.5437 -4.7384 48.5342
v -18.7731 -4.73331 7.42586
v -18.7731 -4.33032 7.42586
v -59.5435 -4.7384 46.6502
v -59.5435 -4.3354 46.6502
v -20.6411 -4.33055 7.42563
v -20.6411 -4.73354 7.42563
v -0.00774489 -4.85327 7.75151
v -0.00772516 -4.85324 7.42815
v -11.9959 -4.85465 18.9867
v -11.3516 -4.85457 18.6889
v -0.00841223 -4.85327 18.6902
v -0.00843041 -4.85318 18.9881
v 11.9791 -4.85318 18.9881
v 11.3348 -4.85319 18.6902
v -0.00788862 -4.85332 10.1075
v 7.49966 -4.85326 17.3482
v 8.81524 -3.65644 17.7112
v -0.00790637 -3.65643 9.20197
v -59.5393 4.77252 7.42206
v -20.8138 4.7725 7.42679
v -59.5441 4.76307 46.4777
v 23.9676 -5.36803 30.583
v -0.00910638 -5.36803 30.583
v -26.6029 -6.05336 121.441
v -57.3959 -6.05719 121.437
v -57.3893 -6.05709 68.6448
v -26.5927 -6.05333 37.2814
v -23.986 -6.05295 31.854
v -0.0091425 -6.05007 31.8569
v -0.00947363 -6.05012 37.2847
v 23.9677 -6.05002 31.8569
v -58.8955 -6.05724 67.1381
v -60.3371 -6.05749 66.4877
v 58.8729 -6.05006 67.1453
v -63.7208 -6.05789 127.76
v -63.7134 -6.05815 68.6448
v -63.7052 -6.05786 0.359668
v -0.00722141 -6.05009 0.367442
v 63.6908 -6.05009 0.36744
v 63.6907 -6.05038 68.6525
v 63.6908 -6.05012 127.768
v 63.6908 -5.96233 127.98
v -0.0149938 -6.05011 127.768
v -0.0150121 -5.96232 127.98
v -63.7208 -5.9701 127.972
v -0.0075891 -6.05013 6.3945
v -60.1657 -6.05746 6.38716
v -0.00769377 -5.36788 7.42815
v 59.5233 -5.36805 66.495
v 60.3146 -6.05013 66.495
v 60.1506 -6.05012 6.3945
v 59.5233 -5.36791 7.42815
v -59.5387 -4.31239 7.42095
v -59.5386 -5.37518 7.42089
v -23.9859 -5.37095 30.58
v -23.9862 -4.30817 30.5801
v -59.546 -4.31253 66.4878
v -59.5459 -5.37532 66.4878
v 29.1795 -4.8533 92.7123
v 29.1795 -4.85341 119.287
v 54.9469 -4.85329 119.287
v 63.6908 -0.0355851 0.0677258
v 63.6908 -5.75037 0.0677212
v 63.6908 -5.96231 0.155506
v -0.00721383 -5.9623 0.155509
v -63.7052 -5.97008 0.147734
v -63.7059 -0.0433554 0.0599536
v -63.7052 -5.75814 0.0599491
v -0.0072214 -5.75037 0.0677236
v -0.00756972 -0.0394707 0.0677277
v -54.976 -4.85999 119.28
v -29.2086 -4.85697 119.284
v -29.2053 -4.85691 92.7088
v 63.9028 -0.0355829 0.155512
v 63.8638 -5.92338 127.941
v 63.8638 -5.92336 0.194458
v 63.9028 -5.75037 0.155507
v 63.9906 -0.0356034 0.367446
v 63.9904 -0.0439508 68.6525
v 63.9906 -0.0511758 127.768
v 63.9028 -0.051207 127.98
v 63.9028 -5.75039 127.98
v 63.9905 -5.75039 127.768
v 63.9028 -5.96233 127.768
v 63.9904 -5.75067 68.6525
v 63.9906 -5.75037 0.367441
v 63.9028 -5.96231 0.36744
v 63.9026 -5.9626 68.6525
v -63.8783 -5.93115 0.186664
v -63.9172 -5.75817 0.147709
v -64.005 -5.75818 0.359633
v -63.9172 -5.9701 0.359642
v -64.0132 -5.75847 68.6447
v -63.9254 -5.9704 68.6447
v -63.8938 -5.93117 127.933
v -63.9327 -5.97013 127.76
v -64.0206 -5.7582 127.76
v -63.9328 -5.75819 127.972
v 29.1789 4.76712 43.9641
v 55.2092 4.76372 70.8097
v -55.2335 4.75698 70.8029
v -29.1999 4.76356 43.9605
v -29.202 4.75947 63.0441
v -55.2356 4.75288 89.8865
v 55.2089 4.75636 103.431
v 29.1786 4.75979 76.5855
v 29.1789 4.75859 79.1758
v 55.2092 4.75516 106.021
v -55.2378 4.7484 106.015
v -29.2043 4.75498 79.1722
v -29.2036 4.75618 76.5819
v -55.2372 4.74959 103.424
v 29.1791 3.81808 65.3665
v 55.2094 3.81465 92.2121
v 55.209 3.81572 90.1641
v 29.1788 3.81914 63.3185
v 29.1791 3.81152 92.4421
v 55.209 3.80914 117.24
v 29.1788 3.81258 90.3941
v -29.2055 3.80897 90.3905
v -55.239 3.80239 117.233
v -55.2394 3.80292 119.281
v -29.2059 3.80791 92.4385
v -55.2356 4.56406 90.1576
v -29.202 4.57065 63.3152
v -29.2021 3.81554 63.3149
v -55.2357 3.80895 90.1574
v -55.2363 3.80788 92.2054
v -29.2026 3.81447 65.363
v 55.2092 4.56649 105.75
v 29.1789 4.56993 78.9046
v 29.1791 3.8148 78.9043
v 55.2094 3.81136 105.75
v 29.1786 4.57097 76.8565
v 55.2089 4.56754 103.702
v 55.209 3.81243 103.702
v 29.1788 3.81586 76.8563
v -55.2373 4.56077 103.695
v -29.2037 4.56736 76.853
v -29.2038 3.81225 76.8527
v -55.2374 3.80566 103.695
v -29.2042 4.56632 78.901
v -55.2379 4.55973 105.743
v -55.2379 3.8046 105.743
v -29.2043 3.81119 78.9007
v 29.1786 4.57425 63.3188
v 29.1786 4.76307 63.0477
v 55.2089 4.75965 89.8933
v 55.2089 4.57083 90.1644
v 29.1789 4.76187 65.638
v 29.1789 4.57321 65.3668
v 55.2092 4.56978 92.2124
v 55.2092 4.75845 92.4836
v 29.1786 4.56769 90.3943
v 29.1786 4.75651 90.1232
v 55.2089 4.75307 116.969
v 55.2089 4.56425 117.24
v 55.2092 4.56322 119.288
v 54.9463 4.7519 119.288
v 29.1789 4.75532 92.7135
v 29.1789 4.56665 92.4424
v -54.9766 4.7452 119.281
v -55.2395 4.55648 119.281
v -29.2059 4.56304 92.4388
v -29.206 4.75171 92.71
v -29.2053 4.75289 90.1197
v -29.2054 4.56408 90.3907
v -55.2389 4.55749 117.233
v -55.2389 4.74631 116.962
v -29.2026 4.5696 65.3632
v -29.2027 4.75827 65.6344
v -55.2363 4.75167 92.4768
v -55.2362 4.56301 92.2056
v -0.00834373 5.28714 7.42945
v -0.00832307 5.94525 6.4329
v -0.00831961 5.96965 6.35171
v 63.8631 5.82097 127.942
v 63.9019 5.87469 68.654
v 63.9021 5.85997 127.769
v 63.6901 5.85989 127.981
v -0.0157328 5.85211 127.981
v -63.7215 5.85212 127.974
v -63.706 5.97108 0.361139
v -63.7059 5.88334 0.149183
v -0.0079547 5.97107 0.368911
v -0.00793642 5.88334 0.156957
v 63.6901 5.97885 0.36891
v 63.6901 5.89111 0.156955
v 63.8631 5.85217 0.195897
v 63.9021 5.89109 0.368889
v 63.6901 5.94773 127.769
v 63.69 5.96244 68.654
v 26.573 5.96529 37.2861
v -26.5934 5.96205 37.2829
v -57.39 5.95438 68.6462
v -63.7141 5.95467 68.6462
v -57.3966 5.94158 121.438
v -26.6037 5.94151 121.442
v -0.0157252 5.93995 127.769
v -63.7215 5.93995 127.762
v 23.9395 5.96622 31.9021
v -23.9596 5.9633 31.8985
v -63.879 5.84438 0.188104
v -63.9335 -0.0590041 127.972
v -64.0213 -0.0589835 127.76
v -64.0139 -0.0517581 68.6447
v -64.0057 -0.0434102 0.359637
v -63.9179 -0.043379 0.147714
v -63.9179 5.67141 0.149106
v -64.0057 5.67136 0.361029
v -63.9179 5.88329 0.361091
v -64.0139 5.65496 68.6461
v -63.9261 5.86689 68.6462
v -64.0213 5.64023 127.762
v -63.9334 5.85217 127.762
v -63.8945 5.81317 127.935
v -63.9335 5.64018 127.974
v 58.8737 5.96189 67.2116
v 60.3592 5.96231 66.5395
v 60.2027 5.97699 6.35152
v 60.1251 5.95004 6.43676
v 60.2743 5.92821 66.4965
v 59.5226 5.29443 7.42945
v 59.5227 5.28013 66.4963
v 58.9023 5.93035 67.1167
v 23.967 5.28455 30.5843
v 23.9669 5.94383 31.8165
v -23.9867 5.94128 31.8143
v -23.9865 5.28163 30.5813
v -60.2183 5.96964 6.34506
v -60.3819 5.95495 66.531
v -58.9254 5.9242 67.1105
v -58.8977 5.95471 67.2023
v -59.5466 5.27287 66.4891
v -60.2994 5.92181 66.4891
v -60.1422 5.94324 6.4286
v -59.5393 5.28717 7.42219
v 57.3665 -6.05009 68.6518
v 57.3665 -6.28105 68.6518
v 26.5737 -6.05009 37.2847
v 26.5737 -6.28104 37.2847
v 26.5737 -6.05012 121.444
v 57.3667 -6.05019 121.444
v 57.3667 -6.28115 121.444
v 26.5737 -6.28108 121.444
v 55.2097 -3.91017 70.8086
v 29.1794 -3.91019 43.963
v 55.2098 -3.90983 119.287
v 29.1794 -3.91036 119.287
v 27.8925 -7.24693 120.352
v 56.1559 -7.2469 120.233
v 56.3426 -7.24705 69.6758
v 27.7379 -7.24691 40.2693
v 29.1796 -6.90321 119.287
v 28.7101 -7.24704 119.676
v 55.2099 -6.90309 119.287
v 55.6408 -7.24711 119.718
v 29.1796 -6.90304 43.9629
v 55.2099 -6.90327 70.8085
v 55.5742 -7.24695 70.4441
v 28.7649 -7.24691 42.7768
v 56.3417 7.15797 69.6775
v 56.155 7.14543 120.235
v 27.8916 7.14198 120.354
v 26.573 6.19625 37.2862
v 27.737 7.16153 40.2711
v 57.3657 6.19234 68.6533
v 57.3657 5.96138 68.6532
v 57.3659 6.17954 121.445
v 57.3659 5.94858 121.445
v 26.573 5.94475 121.445
v 26.573 6.17571 121.445
v 55.2093 3.80848 119.288
v 55.209 6.80174 119.289
v 55.2093 3.82068 70.8095
v 55.2091 6.81377 70.8102
v 29.1789 3.82408 43.964
v 29.179 3.80584 119.288
v 29.1788 6.79869 119.289
v 29.1787 6.81693 43.9646
v 59.5227 4.76549 66.4962
v 59.5227 4.76979 48.7162
v 18.5849 4.77477 7.42933
v 23.9673 4.7699 30.5841
v 11.9785 4.77108 18.9893
v -0.00831233 4.77249 7.42933
v -11.9965 4.76962 18.9879
v -18.6015 4.7725 7.42706
v -23.9867 4.76698 30.5812
v -59.5465 4.75822 66.4889
v -59.5443 4.76253 48.7089
v -18.7736 4.65028 7.42701
v -59.5443 4.64035 48.5353
v -59.5443 4.23736 48.5352
v -18.7736 4.24729 7.42691
v -20.6416 4.24729 7.42668
v -59.5441 4.23781 46.6512
v -59.5441 4.64081 46.6513
v -20.6417 4.65028 7.42678
v -29.2014 -4.85729 62.1236
v -29.1993 -4.8568 43.9593
v -55.233 -4.85995 70.8017
v -55.2349 -4.86044 88.966
v 55.2098 -4.85322 70.8085
v 29.1794 -4.85323 43.9629
v 29.1792 -4.8537 62.1272
v 55.2096 -4.85367 88.9728
v -29.2021 -4.85685 65.6332
v -55.2356 -4.85998 92.4757
v -55.2365 -4.86046 102.504
v -29.203 -4.85732 75.6614
v -29.2037 -4.85688 79.171
v -55.2373 -4.86 106.013
v -55.2382 -4.86048 116.042
v -29.2046 -4.85735 89.1992
v 29.1792 -4.85374 89.2027
v 55.2095 -4.85372 116.048
v 55.2098 -4.85324 106.02
v 29.1795 -4.85326 79.1746
v 29.1792 -4.85371 75.6649
v 55.2096 -4.85369 102.511
v 55.2099 -4.85321 92.4824
v 29.1795 -4.85324 65.6368
v 29.1793 -3.90983 62.3982
v 29.1795 -3.90938 65.3656
v 55.2099 -3.90934 92.2112
v 55.2096 -3.9098 89.2438
v -29.2038 -3.91301 78.8998
v -29.2032 -3.91346 75.9324
v -55.2367 -3.9166 102.775
v -55.2374 -3.91614 105.742
v 29.1793 -3.90985 75.936
v 29.1795 -3.9094 78.9034
v 55.2099 -3.90938 105.749
v 55.2097 -3.90982 102.782
v -55.2356 -4.67125 92.2045
v -29.2021 -4.66811 65.3621
v -29.2022 -3.91298 65.362
v -55.2357 -3.91612 92.2045
v -29.2014 -4.66854 62.3947
v -55.235 -4.67169 89.2372
v -55.2351 -3.91658 89.2371
v -29.2016 -3.91343 62.3947
v -55.2389 -4.6713 119.28
v -29.2053 -4.66818 92.4377
v -29.2055 -3.91305 92.4376
v -55.239 -3.91657 119.28
v -29.2048 -4.6686 89.4703
v -55.2383 -4.67172 116.313
v -55.2384 -3.91662 116.313
v -29.2049 -3.91349 89.4702
v 55.2096 -4.66497 116.319
v 29.1793 -4.66499 89.4738
v 29.1794 -3.90988 89.4738
v 55.2096 -3.90986 116.319
v 29.1795 -4.66456 92.4412
v 55.2098 -4.66457 119.287
v 55.2098 -3.91101 119.287
v 29.1795 -3.90943 92.4411
v 59.5232 -4.85327 7.42815
v 20.7978 -4.85325 7.42815
v 59.5233 -4.85336 46.4838
vn -0.271726 -0.923891 0.269427
vn -0.358903 -0.862872 0.355866
vn -5.29471e-07 -1 -2.36858e-06
vn 0.717927 2.17464e-05 -0.696118
vn 0.717929 0.000121298 -0.696117
vn 0.717927 2.17464e-05 -0.696118
vn 0.663262 -0.382734 -0.643116
vn 0.717927 2.17464e-05 -0.696118
vn 0.694623 -0.25272 -0.673522
vn -0.717925 0.000108002 0.696121
vn -0.717925 0.000127535 0.696121
vn -0.717925 0.000108002 0.696121
vn -0.717924 8.84683e-05 0.696121
vn -0.717925 0.000108002 0.696121
vn -0.694639 -0.25262 0.673543
vn 0.71784 0.000194022 0.696208
vn 0.717839 0.00021616 0.696209
vn 0.694592 -0.252513 0.673632
vn 0.663282 -0.382477 0.643249
vn 0.71784 0.000194022 0.696208
vn 0.694592 -0.252513 0.673632
vn -0.717842 -0.000101418 -0.696206
vn -0.717844 -0.000222638 -0.696204
vn -0.694506 -0.252824 -0.673603
vn -0.71784 1.98013e-05 -0.696208
vn -0.717842 -0.000101418 -0.696206
vn -0.717842 -0.000101418 -0.696206
vn 0.717839 0.000196141 0.696209
vn 0.71784 0.000172928 0.696208
vn 0.694592 -0.25251 0.673632
vn 0.717839 0.000219354 0.696209
vn 0.717839 0.000196141 0.696209
vn 0.694592 -0.25251 0.673632
vn -0.71784 -0.000194652 -0.696208
vn -0.71784 -0.000166439 -0.696208
vn -0.663133 -0.382827 -0.643194
vn -0.663129 -0.38284 -0.64319
vn -0.71784 -0.000194652 -0.696208
vn -0.663133 -0.382827 -0.643194
vn -0.000155339 -1 0.000151585
vn -0.000154712 -1 0.000150902
vn -0.000155339 -1 0.000151585
vn -0.000155965 -1 0.000152268
vn -0.000155339 -1 0.000151585
vn -0.000155339 -1 0.000151585
vn 0.000277256 -1 0.000152314
vn 0.000278459 -1 0.000153365
vn 0.000277256 -1 0.000152314
vn 0.000276053 -1 0.000151264
vn 0.000277256 -1 0.000152314
vn 0.000277256 -1 0.000152314
vn -0.000158547 -1 0.000154882
vn -0.000158879 -1 0.000155244
vn -0.000158547 -1 0.000154882
vn -0.000158215 -1 0.000154521
vn -0.000158547 -1 0.000154882
vn -0.000158547 -1 0.000154882
vn 9.27132e-05 -1 -0.000118861
vn 0.000339291 -1 -0.00038766
vn 9.27132e-05 -1 -0.000118861
vn -0.000153865 -1 0.000149937
vn 9.27132e-05 -1 -0.000118861
vn 9.27132e-05 -1 -0.000118861
vn 0.000213672 -1 8.34818e-05
vn 0.000136049 -1 1.56912e-05
vn 0.000213672 -1 8.34818e-05
vn 0.000291295 -1 0.000151272
vn 0.000213672 -1 8.34818e-05
vn 0.000213672 -1 8.34818e-05
vn 0.000277824 -1 0.000152395
vn 0.000279297 -1 0.000153681
vn 0.000277824 -1 0.000152395
vn 0.000276352 -1 0.000151109
vn 0.000277824 -1 0.000152395
vn 0.000277824 -1 0.000152395
vn 0.274748 -0.923874 -0.266404
vn 0.274748 -0.923874 -0.266403
vn 5.03327e-05 -1 -4.77385e-05
vn 5.01306e-05 -1 -4.75958e-05
vn 0.274748 -0.923874 -0.266404
vn 5.03327e-05 -1 -4.77385e-05
vn 0.274728 -0.923885 -0.266384
vn 0.274708 -0.923897 -0.266365
vn 5.00583e-05 -1 -4.77388e-05
vn 4.97889e-05 -1 -4.75486e-05
vn 0.274728 -0.923885 -0.266384
vn 5.00583e-05 -1 -4.77388e-05
vn 7.1055e-05 -1 -4.74956e-05
vn 7.11473e-05 -1 -4.73528e-05
vn -0.274605 -0.923907 -0.266438
vn -0.274606 -0.923906 -0.266439
vn 7.1055e-05 -1 -4.74956e-05
vn -0.274605 -0.923907 -0.266438
vn 7.15621e-05 -1 -4.7448e-05
vn 7.17465e-05 -1 -4.71625e-05
vn -0.274607 -0.923905 -0.26644
vn -0.274607 -0.923905 -0.26644
vn 7.15621e-05 -1 -4.7448e-05
vn -0.274607 -0.923905 -0.26644
vn 2.66984e-05 -1 -2.50173e-05
vn 2.73339e-05 -1 -2.53848e-05
vn 2.66984e-05 -1 -2.50173e-05
vn 2.60629e-05 -1 -2.46498e-05
vn 2.66984e-05 -1 -2.50173e-05
vn 2.66984e-05 -1 -2.50173e-05
vn 9.31974e-05 -1 -2.7042e-05
vn 9.37643e-05 -1 -2.6714e-05
vn 9.31974e-05 -1 -2.7042e-05
vn 9.26305e-05 -1 -2.73699e-05
vn 9.31974e-05 -1 -2.7042e-05
vn 9.31974e-05 -1 -2.7042e-05
vn 0.686961 0.252595 0.681381
vn 0.65596 0.382559 0.650665
vn 0.710016 -0.000132274 0.704185
vn 0.710016 -0.000132955 0.704185
vn 0.686961 0.252595 0.681381
vn 0.710016 -0.000132274 0.704185
vn -0.710017 0.00012058 -0.704185
vn -0.710017 0.000109869 -0.704185
vn -0.710017 0.00012058 -0.704185
vn -0.710017 0.000131291 -0.704185
vn -0.710017 0.00012058 -0.704185
vn -0.710017 0.00012058 -0.704185
vn -0.179439 0.967581 -0.17773
vn -1.74924e-06 1 0.000242119
vn -2.28029e-05 1 0.000210049
vn -0.133028 0.982323 -0.1317
vn -0.179439 0.967581 -0.17773
vn -2.28029e-05 1 0.000210049
vn -2.84952e-05 1 0.000190321
vn -0.133028 0.982323 -0.1317
vn -2.28029e-05 1 0.000210049
vn -2.84952e-05 1 0.000190321
vn -6.08129e-05 1 0.000205831
vn -0.133028 0.982323 -0.1317
vn -2.84952e-05 1 0.000190321
vn -2.28029e-05 1 0.000210049
vn -9.33164e-05 1 0.00019762
vn -2.28029e-05 1 0.000210049
vn -0.000108761 1 0.000221447
vn -9.33164e-05 1 0.00019762
vn -0.000125436 1 0.000242874
vn -9.33164e-05 1 0.00019762
vn -0.000108761 1 0.000221447
vn -0.000119108 1 0.000239847
vn -0.000125436 1 0.000242874
vn -0.000108761 1 0.000221447
vn -0.000120268 1 0.00024212
vn -0.000119108 1 0.000239847
vn -0.000108761 1 0.000221447
vn -6.08129e-05 1 0.000205831
vn -9.33164e-05 1 0.00019762
vn -0.000125436 1 0.000242874
vn 1 6.11811e-05 -5.67587e-07
vn 1 6.11811e-05 -5.67587e-07
vn 1 6.11811e-05 -5.67587e-07
vn 1 6.11811e-05 -5.67587e-07
vn 1 6.11811e-05 -5.67587e-07
vn 1 6.11811e-05 -5.67587e-07
vn -0.868192 -0.000155509 0.496228
vn -0.717923 -0.000187066 0.696122
vn -0.717923 -0.000186927 0.696122
vn -0.968731 -0.000117906 0.248114
vn -0.868192 -0.000155509 0.496228
vn -0.717923 -0.000186927 0.696122
vn -1 -7.20071e-05 1.00028e-07
vn -0.868192 -0.000155509 0.496228
vn -0.968731 -0.000117906 0.248114
vn -1 -8.15637e-05 6.8768e-07
vn -1 -7.20071e-05 1.00028e-07
vn -0.968731 -0.000117906 0.248114
vn 2.80646e-07 -0.000264271 1
vn 2.80646e-07 -0.000264271 1
vn 2.80646e-07 -0.000264271 1
vn 2.80646e-07 -0.000264271 1
vn 2.80646e-07 -0.000264271 1
vn 2.80646e-07 -0.000264271 1
vn 1 6.60688e-05 -3.74144e-06
vn 1 6.60686e-05 -3.74144e-06
vn 0.968254 0.00013003 -0.249967
vn 0.866066 0.000183104 -0.499929
vn 1 6.60688e-05 -3.74144e-06
vn 0.968254 0.00013003 -0.249967
vn -0.259428 0.965762 0.000490092
vn -0.638606 0.769534 0.000187762
vn -0.614772 0.788704 0.000762356
vn -0.153363 0.98817 0.000579847
vn -0.259428 0.965762 0.000490092
vn -0.614772 0.788704 0.000762356
vn 0.000410091 0.962016 0.272993
vn -9.29996e-05 0.748761 0.66284
vn 0.00121633 0.766076 0.642749
vn 0.00066908 0.986686 0.162635
vn 0.000410091 0.962016 0.272993
vn 0.00121633 0.766076 0.642749
vn 0.279242 0.96022 0.000900096
vn 0.62346 0.781855 0.000187223
vn 0.584144 0.800847 -0.131985
vn 0.270839 0.951723 -0.144464
vn 0.279242 0.96022 0.000900096
vn 0.584144 0.800847 -0.131985
vn 0.270839 0.951723 -0.144464
vn 0.584144 0.800847 -0.131985
vn 0.417687 0.811847 -0.407972
vn 0.114202 0.987241 -0.110966
vn 0.270839 0.951723 -0.144464
vn 0.417687 0.811847 -0.407972
vn -0.164763 -0.973322 0.159676
vn -0.304129 -0.950138 0.0688682
vn -0.506052 -0.821569 0.262556
vn -0.391826 -0.837933 0.379921
vn -0.164763 -0.973322 0.159676
vn -0.506052 -0.821569 0.262556
vn -0.304129 -0.950138 0.0688682
vn -0.16287 -0.986647 0.000328479
vn -0.655873 -0.754871 0.00042206
vn -0.506052 -0.821569 0.262556
vn -0.304129 -0.950138 0.0688682
vn -0.655873 -0.754871 0.00042206
vn 0.000278366 -0.962029 -0.272949
vn 0.000236188 -0.984795 -0.173722
vn 0.000521744 -0.765719 -0.643175
vn 3.89056e-06 -0.781469 -0.623944
vn 0.000278366 -0.962029 -0.272949
vn 0.000521744 -0.765719 -0.643175
vn 0.259171 -0.965831 0.000217861
vn 0.166688 -0.98601 0.000118211
vn 0.614462 -0.788946 0.0002253
vn 0.590846 -0.806784 -2.178e-06
vn 0.259171 -0.965831 0.000217861
vn 0.614462 -0.788946 0.0002253
vn -0.14514 -0.986311 -0.0782566
vn 0.270956 -0.951654 -0.144697
vn -0.304129 -0.950138 0.0688682
vn -0.027831 -0.989835 0.139471
vn -0.14514 -0.986311 -0.0782566
vn -0.304129 -0.950138 0.0688682
vn 0.270956 -0.951654 -0.144697
vn 0.239488 -0.964192 0.113923
vn -0.113282 -0.965722 -0.233555
vn -0.304129 -0.950138 0.0688682
vn 0.270956 -0.951654 -0.144697
vn -0.113282 -0.965722 -0.233555
vn 0.239488 -0.964192 0.113923
vn -0.106421 -0.966677 0.232832
vn 0.223242 -0.967344 -0.120035
vn -0.113282 -0.965722 -0.233555
vn 0.239488 -0.964192 0.113923
vn 0.223242 -0.967344 -0.120035
vn -0.027831 -0.989835 0.139471
vn 0.223242 -0.967344 -0.120035
vn -0.106421 -0.966677 0.232832
vn -0.14514 -0.986311 -0.0782566
vn -0.0278311 -0.989835 0.139471
vn -0.106421 -0.966677 0.232832
vn -5.12947e-06 -6.36968e-06 -1
vn -1.05523e-05 4.07867e-05 -1
vn -5.12947e-06 -6.36968e-06 -1
vn 2.93351e-07 -5.35261e-05 -1
vn -5.12947e-06 -6.36968e-06 -1
vn -5.12947e-06 -6.36968e-06 -1
vn 1 6.08624e-05 -5.69602e-07
vn 1 6.1181e-05 -5.82261e-07
vn 1 6.08624e-05 -5.69602e-07
vn 1 6.05437e-05 -5.56942e-07
vn 1 6.08624e-05 -5.69602e-07
vn 1 6.08624e-05 -5.69602e-07
vn -0.868192 -7.27203e-05 0.496228
vn -0.968731 -6.16589e-05 0.248114
vn -0.717923 -7.1426e-05 0.696122
vn -0.717923 -7.05417e-05 0.696122
vn -0.868192 -7.27203e-05 0.496228
vn -0.717923 -7.1426e-05 0.696122
vn -1 -5.03416e-05 3.95987e-08
vn -1 -3.95073e-05 7.08476e-07
vn -0.968731 -6.16589e-05 0.248114
vn -0.868192 -7.27203e-05 0.496228
vn -1 -5.03416e-05 3.95987e-08
vn -0.968731 -6.16589e-05 0.248114
vn 2.47764e-07 1.33e-11 1
vn 2.47764e-07 1.22769e-11 1
vn 2.47764e-07 1.33e-11 1
vn 2.47764e-07 1.4323e-11 1
vn 2.47764e-07 1.33e-11 1
vn 2.47764e-07 1.33e-11 1
vn -1 -6.19386e-05 -1.0201e-07
vn -1 -5.78092e-05 -1.1334e-07
vn -1 -6.19386e-05 -1.0201e-07
vn -1 -6.60679e-05 -9.06794e-08
vn -1 -6.19386e-05 -1.0201e-07
vn -1 -6.19386e-05 -1.0201e-07
vn 0.866066 3.88784e-05 -0.499929
vn 0.713609 2.4049e-05 -0.700544
vn 0.71361 2.97044e-05 -0.700544
vn 0.968255 4.79777e-05 -0.249967
vn 0.866066 3.88784e-05 -0.499929
vn 0.71361 2.97044e-05 -0.700544
vn 1 4.95508e-05 -3.75736e-06
vn 0.866066 3.88784e-05 -0.499929
vn 0.968255 4.79777e-05 -0.249967
vn 1 4.95507e-05 -3.75736e-06
vn 1 4.95508e-05 -3.75736e-06
vn 0.968255 4.79777e-05 -0.249967
vn -0.25931 -0.965794 0.000253938
vn -0.153243 -0.988189 0.000338658
vn -0.614676 -0.788779 0.000569536
vn -0.638512 -0.769612 -3.73232e-07
vn -0.25931 -0.965794 0.000253938
vn -0.614676 -0.788779 0.000569536
vn 0.000527072 -0.962083 0.272758
vn 0.000789541 -0.986726 0.162394
vn 0.00130979 -0.766233 0.642561
vn -1.65659e-06 -0.748923 0.662657
vn 0.000527072 -0.962083 0.272758
vn 0.00130979 -0.766233 0.642561
vn 0.27936 -0.960186 0.000665759
vn 0.270956 -0.951654 -0.144697
vn 0.584242 -0.800743 -0.132181
vn 0.623556 -0.781779 -3.89647e-06
vn 0.27936 -0.960186 0.000665759
vn 0.584242 -0.800743 -0.132181
vn 0.270956 -0.951654 -0.144697
vn 0.114322 -0.9872 -0.111207
vn 0.417786 -0.811696 -0.408171
vn 0.584242 -0.800743 -0.132181
vn 0.270956 -0.951654 -0.144697
vn 0.417786 -0.811696 -0.408171
vn 0.920694 0.390286 0.000726881
vn 0.490166 0.871628 0.00156874
vn 0.440909 0.884245 -0.153985
vn 0.652899 0.757445 0.000263623
vn 0.6949 0.719105 0.00121605
vn 0.440909 0.884245 -0.153985
vn 0.012929 0.989755 -0.142191
vn -0.138202 0.884132 -0.446331
vn 0.450606 0.846287 -0.284171
vn 0.148883 0.986758 -0.0643642
vn 0.012929 0.989755 -0.142191
vn 0.450606 0.846287 -0.284171
vn 0.440909 0.884245 -0.153985
vn 0.258452 0.932117 0.253692
vn 0.148883 0.986758 -0.0643642
vn 0.258452 0.932117 0.253692
vn 0.05543 0.993416 0.100264
vn 0.148883 0.986758 -0.0643642
vn -0.218765 0.861524 -0.458168
vn -0.423233 0.803346 -0.418939
vn -0.23312 0.912604 -0.33587
vn -0.127572 0.936626 -0.326278
vn -0.218765 0.861524 -0.458168
vn -0.23312 0.912604 -0.335871
vn -0.218765 0.861524 -0.458168
vn -0.127572 0.936626 -0.326278
vn 0.147391 0.925221 -0.349633
vn 0.29082 0.845171 -0.448453
vn -0.218765 0.861524 -0.458168
vn 0.147391 0.925221 -0.349633
vn 0.29082 0.845171 -0.448453
vn 0.147391 0.925221 -0.349633
vn 0.159401 0.911279 -0.379685
vn 0.423187 0.803396 -0.418888
vn 0.29082 0.845171 -0.448453
vn 0.159401 0.911279 -0.379685
vn -0.694991 0.719018 0.00113012
vn -0.652988 0.757368 0.000184079
vn -0.470772 0.878744 -0.0786312
vn -0.547283 0.836946 0.00166428
vn -0.857017 0.515288 0.000810331
vn -0.470772 0.878744 -0.0786312
vn -0.119221 0.991515 0.0518144
vn -0.190503 0.933438 0.303977
vn -0.470772 0.878744 -0.0786312
vn -0.120674 0.984714 -0.125602
vn -0.119221 0.991515 0.0518144
vn -0.470772 0.878744 -0.0786312
vn -0.480557 0.849116 -0.219241
vn 0.07155 0.873726 -0.481127
vn -0.120674 0.984714 -0.125602
vn 0.07155 0.873726 -0.481127
vn 0.039772 0.992696 -0.113895
vn -0.120674 0.984714 -0.125602
vn -0.922077 0.158813 0.35292
vn -0.924901 0.268919 0.268777
vn -0.915998 0.340901 0.211505
vn -0.972686 0.193857 0.127681
vn -0.851436 0.20968 0.48072
vn -0.823458 0.50225 0.263934
vn -0.765249 0.628794 0.137884
vn -0.707034 0.70718 8.61255e-05
vn -0.972686 0.193857 0.127681
vn -0.707034 0.70718 8.61255e-05
vn -0.980774 0.195148 -7.15499e-05
vn -0.972686 0.193857 0.127681
vn -0.980774 0.195148 -7.15499e-05
vn -0.707034 0.70718 8.61255e-05
vn -0.858608 0.494865 -0.133792
vn -0.960347 0.153461 -0.232773
vn -0.980774 0.195148 -7.15499e-05
vn -0.858608 0.494865 -0.133792
vn -0.960347 0.153461 -0.232773
vn -0.851373 0.480813 -0.20972
vn -0.823404 0.264031 -0.502288
vn -0.960347 0.153461 -0.232773
vn -0.765193 0.137974 -0.628842
vn -0.797085 2.52321e-05 -0.603867
vn -0.991532 -4.43951e-05 -0.129863
vn -0.960347 0.153461 -0.232773
vn -0.923828 -9.49253e-06 -0.382809
vn -0.980774 0.195148 -7.15499e-05
vn -0.960347 0.153461 -0.232773
vn -0.991532 -4.43951e-05 -0.129863
vn -0.980774 0.195148 -7.15499e-05
vn -1 -6.08413e-05 -0.000123032
vn -0.972686 0.193857 0.127681
vn -1 -6.08413e-05 -0.000123032
vn -0.980774 0.195148 -7.15499e-05
vn -0.991532 -4.43951e-05 -0.129863
vn -0.922077 0.158813 0.35292
vn -0.972686 0.193857 0.127681
vn -0.965741 -9.07144e-05 0.259508
vn -1 -6.08413e-05 -0.000123032
vn -0.965741 -9.07144e-05 0.259508
vn -0.972686 0.193857 0.127681
vn -0.603755 -0.000134842 0.79717
vn -0.858667 0.133757 0.494773
vn -0.965741 -9.07144e-05 0.259508
vn -0.922032 0.353025 -0.158842
vn -0.924969 0.268736 -0.268725
vn -0.915974 0.211608 -0.340901
vn -0.127572 0.936626 -0.326278
vn -0.0733802 0.990642 -0.115081
vn 0.0387897 0.989313 -0.140553
vn 0.147391 0.925221 -0.349633
vn -0.127572 0.936626 -0.326278
vn 0.0387897 0.989313 -0.140553
vn -0.0733802 0.990642 -0.115081
vn -0.127572 0.936626 -0.326278
vn -0.23312 0.912604 -0.335871
vn 0.012929 0.989755 -0.142191
vn -0.0733802 0.990642 -0.115081
vn -0.23312 0.912604 -0.335871
vn -0.109359 0.980028 0.166089
vn -7.34758e-05 0.989228 0.146382
vn 9.94031e-07 1 0.000249835
vn 1.33262e-05 1 0.000250332
vn -0.109359 0.980028 0.166089
vn 9.94031e-07 1 0.000249835
vn -0.146095 0.989271 0.000213115
vn -0.109359 0.980028 0.166089
vn 1.33262e-05 1 0.000250332
vn 2.77965e-05 1 0.000219648
vn 0.012929 0.989755 -0.142191
vn -0.146095 0.989271 0.000213115
vn 2.77965e-05 1 0.000219648
vn -0.146095 0.989271 0.000213115
vn 1.33262e-05 1 0.000250332
vn 0.012929 0.989755 -0.142191
vn 2.77965e-05 1 0.000219648
vn -3.00188e-05 1 0.000233781
vn -0.0733802 0.990642 -0.115081
vn 0.012929 0.989755 -0.142191
vn -3.00188e-05 1 0.000233781
vn -3.00188e-05 1 0.000233781
vn 9.94031e-07 1 0.000249835
vn -7.34758e-05 0.989228 0.146382
vn -0.0733802 0.990642 -0.115081
vn -3.00189e-05 1 0.000233781
vn -8.66804e-05 1 0.000228556
vn -8.66804e-05 1 0.000228556
vn -3.00189e-05 1 0.000233781
vn -7.34758e-05 0.989228 0.146382
vn 0.0387897 0.989313 -0.140553
vn -0.0733802 0.990642 -0.115081
vn -8.66804e-05 1 0.000228556
vn 0.039772 0.992696 -0.113895
vn 0.0387897 0.989313 -0.140553
vn -8.66804e-05 1 0.000228556
vn 0.147391 0.925221 -0.349633
vn 0.0387897 0.989313 -0.140553
vn 0.039772 0.992696 -0.113895
vn 0.159401 0.911279 -0.379685
vn 0.147391 0.925221 -0.349633
vn 0.039772 0.992697 -0.113895
vn -0.000149559 1 0.000218833
vn 0.039772 0.992696 -0.113895
vn -8.66804e-05 1 0.000228556
vn 0.039772 0.992696 -0.113895
vn -0.000149559 1 0.000218833
vn 0.145991 0.989286 0.000230186
vn 0.145991 0.989286 0.000230186
vn -0.000149559 1 0.000218833
vn -0.000135346 1 0.000250318
vn 0.165741 0.980062 0.10958
vn 0.145991 0.989286 0.000230186
vn -0.000135346 1 0.000250318
vn -0.000123015 1 0.000249823
vn -8.66804e-05 1 0.000228556
vn -7.34758e-05 0.989228 0.146382
vn 0.165741 0.980062 0.10958
vn -0.000135346 1 0.000250318
vn -0.000123015 1 0.000249823
vn -7.34758e-05 0.989228 0.146382
vn 0.165741 0.980062 0.10958
vn -0.000123015 1 0.000249823
vn -0.120674 0.984714 -0.125602
vn 0.039772 0.992696 -0.113895
vn 0.145991 0.989286 0.000230186
vn 0.35283 0.922147 -0.158605
vn 0.268719 0.925007 -0.26861
vn 0.211433 0.916128 -0.340597
vn 0.109196 0.980125 -0.165622
vn 0.480616 0.85153 -0.209535
vn 0.263821 0.823629 -0.50203
vn 0.145991 0.989286 0.000230186
vn 0.109196 0.980125 -0.165622
vn -0.120674 0.984714 -0.125602
vn 0.109196 0.980125 -0.165622
vn 0.145991 0.989286 0.000230186
vn 0.35283 0.922147 -0.158605
vn 0.211433 0.916128 -0.340597
vn -5.96071e-05 0.92397 -0.382464
vn 0.109196 0.980125 -0.165622
vn -1.16307e-08 0.707276 -0.706938
vn -3.83404e-05 0.985971 -0.166918
vn 0.109196 0.980125 -0.165622
vn -1.16281e-08 0.707276 -0.706938
vn -0.133724 0.858779 -0.494588
vn -3.83404e-05 0.985971 -0.166918
vn -0.158745 0.922163 -0.352726
vn -0.165809 0.980103 -0.109112
vn -3.83404e-05 0.985971 -0.166918
vn -0.165809 0.980103 -0.109112
vn -0.20964 0.851551 -0.480533
vn -0.502115 0.823585 -0.263795
vn -0.707034 0.70718 8.61255e-05
vn -0.146095 0.989271 0.000213115
vn -0.165809 0.980103 -0.109112
vn -0.628664 0.765387 -0.13771
vn -0.707034 0.70718 8.61255e-05
vn -0.165809 0.980103 -0.109112
vn -0.146095 0.989271 0.000213115
vn -0.707034 0.70718 8.61255e-05
vn -0.49478 0.858631 0.133963
vn -0.109359 0.980028 0.166089
vn -0.146095 0.989271 0.000213115
vn -0.49478 0.858631 0.133963
vn -0.109359 0.980028 0.166089
vn -0.480722 0.851385 0.209878
vn -0.263968 0.823355 0.502402
vn -0.109359 0.980028 0.166089
vn -0.211588 0.915939 0.341008
vn -6.86837e-05 0.923789 0.382902
vn -7.34758e-05 0.989228 0.146382
vn -0.109359 0.980028 0.166089
vn -6.86837e-05 0.923789 0.382902
vn 0.165741 0.980062 0.10958
vn -7.34758e-05 0.989228 0.146382
vn 0.158698 0.922 0.353172
vn -7.34758e-05 0.989228 0.146382
vn -6.86837e-05 0.923789 0.382902
vn 0.158698 0.922 0.353172
vn 0.165741 0.980062 0.10958
vn 0.20962 0.851331 0.480932
vn 0.502127 0.82347 0.264131
vn 0.706995 0.707219 0.000173446
vn 0.145991 0.989286 0.000230186
vn 0.165741 0.980062 0.10958
vn 0.145991 0.989286 0.000230186
vn 0.706995 0.707219 0.000173446
vn 0.494686 0.85874 -0.133611
vn 0.521991 0.835965 0.169376
vn 0.646188 0.763178 0.000187099
vn 0.165741 0.980062 0.10958
vn -0.352953 0.922031 0.159007
vn -0.268832 0.924866 0.268984
vn -0.211588 0.915939 0.341008
vn -0.158745 0.922163 -0.352726
vn -0.268688 0.925028 -0.268572
vn -0.340722 0.916101 -0.211346
vn 0.158698 0.922 0.353172
vn 0.268642 0.924913 0.269013
vn 0.340682 0.916018 0.211772
vn -3.83404e-05 0.985971 -0.166918
vn -0.165809 0.980103 -0.109112
vn 0.05543 0.993416 0.100264
vn 0.05543 0.993416 0.100264
vn -0.165809 0.980103 -0.109112
vn 0.148883 0.986758 -0.0643642
vn 0.012929 0.989755 -0.142191
vn 0.148883 0.986758 -0.0643642
vn -0.146095 0.989271 0.000213115
vn -0.165809 0.980103 -0.109112
vn -0.146095 0.989271 0.000213115
vn 0.148883 0.986758 -0.0643642
vn 0.109196 0.980125 -0.165622
vn -0.119221 0.991515 0.0518144
vn -0.120674 0.984714 -0.125602
vn 0.109196 0.980125 -0.165622
vn -3.83404e-05 0.985971 -0.166918
vn -0.119221 0.991515 0.0518144
vn -7.35271e-05 0.984144 0.17737
vn -3.83404e-05 0.985971 -0.166918
vn 0.05543 0.993416 0.100264
vn -3.83404e-05 0.985971 -0.166918
vn -7.35271e-05 0.984144 0.17737
vn -0.119221 0.991515 0.0518144
vn -7.35271e-05 0.984144 0.17737
vn 0.05543 0.993416 0.100264
vn -7.04949e-05 0.91661 0.399783
vn 0.05543 0.993416 0.100264
vn 0.14698 0.944043 0.295261
vn -7.04949e-05 0.91661 0.399783
vn -8.45159e-05 0.834468 0.551057
vn -7.04949e-05 0.91661 0.399783
vn 0.14698 0.944043 0.295261
vn -6.68079e-05 0.834475 0.551046
vn -8.45159e-05 0.834468 0.551057
vn 0.14698 0.944043 0.295261
vn -7.04949e-05 0.91661 0.399783
vn -8.45159e-05 0.834468 0.551057
vn -0.0675767 0.934492 0.349511
vn -7.35271e-05 0.984144 0.17737
vn -7.04949e-05 0.91661 0.399783
vn -0.0675767 0.934492 0.349511
vn -8.45159e-05 0.834468 0.551057
vn -0.000102226 0.834475 0.551046
vn -0.0675767 0.934492 0.349511
vn -0.119221 0.991515 0.0518144
vn -7.35271e-05 0.984144 0.17737
vn -0.0675767 0.934492 0.349511
vn -0.663183 0.382887 -0.643106
vn -0.274721 0.923936 -0.266216
vn -0.274723 0.923935 -0.266218
vn -0.663184 0.382885 -0.643107
vn -0.663183 0.382887 -0.643106
vn -0.274723 0.923935 -0.266218
vn 0.507631 0.706927 0.492508
vn 0.507627 0.706933 0.492504
vn 0.507631 0.706927 0.492508
vn 0.507635 0.706921 0.492512
vn 0.507631 0.706927 0.492508
vn 0.619423 0.505229 0.600882
vn -0.362775 0.862989 -0.351631
vn -0.663183 0.382891 -0.643104
vn -0.619351 0.505698 -0.600561
vn -0.274629 0.923989 -0.266126
vn -0.362775 0.862989 -0.351631
vn -0.507521 0.707324 -0.492052
vn 0.619372 0.505754 -0.600492
vn 0.274612 0.923987 -0.266152
vn 0.362734 0.863017 -0.351605
vn 0.507499 0.707381 -0.491993
vn 0.507519 0.707353 -0.492013
vn 0.362734 0.863017 -0.351605
vn -0.507777 0.706866 0.492446
vn -0.507774 0.70687 0.492443
vn -0.507777 0.706866 0.492446
vn -0.50778 0.706862 0.492449
vn -0.507777 0.706866 0.492446
vn -0.507777 0.706866 0.492446
vn 0.274642 0.923969 -0.266183
vn 0.663211 0.382983 -0.64302
vn 0.663211 0.382985 -0.64302
vn 0.27464 0.92397 -0.266181
vn 0.274642 0.923969 -0.266183
vn 0.663211 0.382985 -0.64302
vn -0.507776 0.706869 0.492444
vn -0.507775 0.706869 0.492443
vn -0.507776 0.706869 0.492444
vn -0.507776 0.706868 0.492445
vn -0.507776 0.706869 0.492444
vn -0.507776 0.706869 0.492444
vn -0.717838 0.000244362 -0.69621
vn -0.717838 0.000242093 -0.69621
vn -0.694525 0.252949 -0.673537
vn -0.663181 0.382892 -0.643105
vn -0.717838 0.000244362 -0.69621
vn -0.694525 0.252949 -0.673537
vn 0.717839 -0.000301206 0.69621
vn 0.717839 -0.000304786 0.69621
vn 0.717839 -0.000301206 0.69621
vn 0.717839 -0.000297626 0.69621
vn 0.717839 -0.000301206 0.69621
vn 0.717839 -0.000301206 0.69621
vn -0.717924 -0.000366152 0.696121
vn -0.717924 -0.000369635 0.696121
vn -0.717924 -0.000366152 0.696121
vn -0.717924 -0.000362669 0.696121
vn -0.717924 -0.000366152 0.696121
vn -0.717924 -0.000366152 0.696121
vn 0.717925 0.000358576 -0.696121
vn 0.717925 0.000354493 -0.696121
vn 0.66321 0.382987 -0.643019
vn 0.663211 0.382984 -0.64302
vn 0.717925 0.000358576 -0.696121
vn 0.66321 0.382987 -0.643019
vn -0.717839 0.000244361 -0.696209
vn -0.717839 0.000242093 -0.696209
vn -0.663183 0.382887 -0.643106
vn -0.663184 0.382885 -0.643107
vn -0.717839 0.000244361 -0.696209
vn -0.663183 0.382887 -0.643106
vn 0.717839 -0.000304723 0.696209
vn 0.717839 -0.000304786 0.696209
vn 0.717839 -0.000304723 0.696209
vn 0.717839 -0.00030466 0.696209
vn 0.717839 -0.000304723 0.696209
vn 0.717839 -0.000304723 0.696209
vn -0.717842 0.000143892 -0.696206
vn -0.717844 4.11548e-05 -0.696204
vn -0.717842 0.000143892 -0.696206
vn -0.663183 0.382891 -0.643104
vn -0.717842 0.000143892 -0.696206
vn -0.694541 0.252882 -0.673546
vn 0.71784 -0.0002778 0.696208
vn 0.71784 -0.000298302 0.696208
vn 0.71784 -0.0002778 0.696208
vn 0.717839 -0.000257298 0.696209
vn 0.71784 -0.0002778 0.696208
vn 0.694556 0.252461 0.673688
vn -0.717924 -0.000372737 0.696121
vn -0.717924 -0.000373958 0.696121
vn -0.717924 -0.000372737 0.696121
vn -0.717924 -0.000371516 0.696121
vn -0.717924 -0.000372737 0.696121
vn -0.717924 -0.000372737 0.696121
vn 0.717927 0.000272447 -0.696118
vn 0.717929 0.000363138 -0.696117
vn 0.694587 0.252999 -0.673454
vn 0.717926 0.000181755 -0.696119
vn 0.717927 0.000272447 -0.696118
vn 0.717927 0.000272447 -0.696118
vn -0.717925 -0.000365749 0.696121
vn -0.717925 -0.000365311 0.696121
vn -0.717925 -0.000365749 0.696121
vn -0.717925 -0.000366186 0.696121
vn -0.717925 -0.000365749 0.696121
vn -0.717925 -0.000365749 0.696121
vn 0.717925 0.000364712 -0.696121
vn 0.717925 0.000363139 -0.696121
vn 0.663211 0.382985 -0.64302
vn 0.663211 0.382983 -0.64302
vn 0.717925 0.000364712 -0.696121
vn 0.663211 0.382985 -0.64302
vn 0.000282195 1 0.000519102
vn 0.000281255 1 0.000518115
vn 0.000282195 1 0.000519102
vn 0.000283136 1 0.00052009
vn 0.000282195 1 0.000519102
vn 0.000282195 1 0.000519102
vn -0.000404577 1 0.000520138
vn -0.000406191 1 0.000521592
vn -0.000404577 1 0.000520138
vn -0.000402962 1 0.000518683
vn -0.000404577 1 0.000520138
vn -0.000404577 1 0.000520138
vn 0.000286903 1 0.000523881
vn 0.000287069 1 0.000524055
vn 0.000286903 1 0.000523881
vn 0.000286738 1 0.000523707
vn 0.000286903 1 0.000523881
vn 0.000286903 1 0.000523881
vn -9.12917e-05 1 0.000127004
vn -0.000461904 1 -0.000262122
vn -9.12917e-05 1 0.000127004
vn 0.00027932 1 0.000516131
vn -9.12917e-05 1 0.000127004
vn -9.12917e-05 1 0.000127004
vn -0.000309049 1 0.00042039
vn -0.000200201 1 0.000322329
vn -0.000309049 1 0.00042039
vn -0.000417896 1 0.00051845
vn -0.000309049 1 0.00042039
vn -0.000309049 1 0.00042039
vn -0.000405617 1 0.000520662
vn -0.000407299 1 0.000522177
vn -0.000405617 1 0.000520662
vn -0.000403935 1 0.000519147
vn -0.000405617 1 0.000520662
vn -0.000405617 1 0.000520662
vn -0.274723 0.923935 -0.266218
vn -0.274721 0.923936 -0.266216
vn -5.68939e-05 1 0.000190403
vn -5.65465e-05 1 0.000190643
vn -0.274723 0.923935 -0.266218
vn -5.68939e-05 1 0.000190403
vn -0.2747 0.923948 -0.266196
vn -0.27468 0.923959 -0.266176
vn -5.64481e-05 1 0.000190534
vn -5.629e-05 1 0.000190643
vn -0.2747 0.923948 -0.266196
vn -5.64481e-05 1 0.000190534
vn -6.45987e-05 1 0.000190711
vn -6.47983e-05 1 0.000191038
vn 0.274639 0.923971 -0.26618
vn 0.274636 0.923973 -0.266177
vn -6.45987e-05 1 0.000190711
vn 0.274639 0.923971 -0.26618
vn -6.4967e-05 1 0.000190624
vn -6.50868e-05 1 0.00019082
vn 0.274642 0.923969 -0.266183
vn 0.27464 0.92397 -0.266181
vn -6.4967e-05 1 0.000190624
vn 0.274642 0.923969 -0.266183
vn -3.15429e-05 1 0.000214733
vn -3.22481e-05 1 0.000214333
vn -3.15429e-05 1 0.000214733
vn -3.08377e-05 1 0.000215133
vn -3.15429e-05 1 0.000214733
vn -3.15429e-05 1 0.000214733
vn -8.85022e-05 1 0.000212823
vn -8.91408e-05 1 0.000213185
vn -8.85022e-05 1 0.000212823
vn -8.78636e-05 1 0.000212461
vn -8.85022e-05 1 0.000212823
vn -8.85022e-05 1 0.000212823
vn -0.851404 -0.209898 0.480681
vn -0.972661 -0.194008 0.127638
vn -0.823396 -0.502413 0.263818
vn -0.924866 -0.269095 0.268719
vn -0.922054 -0.159013 0.35289
vn -0.915954 -0.341067 0.211429
vn -0.706946 -0.707267 -8.67584e-05
vn -0.765171 -0.628922 0.137734
vn -0.972661 -0.194008 0.127638
vn -0.98075 -0.19527 -0.000119259
vn -0.706946 -0.707267 -8.67584e-05
vn -0.972661 -0.194008 0.127638
vn -0.706946 -0.707267 -8.67584e-05
vn -0.98075 -0.19527 -0.000119259
vn -0.858544 -0.494942 -0.13392
vn -0.98075 -0.19527 -0.000119259
vn -0.960327 -0.153523 -0.232816
vn -0.858544 -0.494942 -0.13392
vn -0.85131 -0.48087 -0.209843
vn -0.960327 -0.153523 -0.232816
vn -0.823364 -0.264012 -0.502364
vn -0.765169 -0.137916 -0.628884
vn -0.960327 -0.153523 -0.232816
vn -0.797085 2.52321e-05 -0.603867
vn -0.960327 -0.153523 -0.232816
vn -0.98075 -0.19527 -0.000119259
vn -0.991532 -4.43951e-05 -0.129863
vn -0.960327 -0.153523 -0.232816
vn -0.991532 -4.43951e-05 -0.129863
vn -0.923828 -9.49253e-06 -0.382809
vn -1 -6.08413e-05 -0.000123032
vn -0.98075 -0.19527 -0.000119259
vn -0.972661 -0.194008 0.127638
vn -0.98075 -0.19527 -0.000119259
vn -1 -6.08413e-05 -0.000123032
vn -0.991532 -4.43951e-05 -0.129863
vn -0.965741 -9.07144e-05 0.259508
vn -1 -6.08413e-05 -0.000123032
vn -0.972661 -0.194008 0.127638
vn -0.972661 -0.194008 0.127638
vn -0.922054 -0.159013 0.35289
vn -0.965741 -9.07144e-05 0.259508
vn -0.858644 -0.133984 0.494751
vn -0.603755 -0.000134842 0.79717
vn -0.965741 -9.07145e-05 0.259508
vn -0.924926 -0.268795 -0.268814
vn -0.921985 -0.353105 -0.158937
vn -0.915941 -0.211641 -0.340969
vn 0.707076 -0.707138 5.39091e-07
vn 0.765281 -0.628765 -0.13784
vn 0.960379 -0.232701 -0.153368
vn 0.980781 -0.195113 2.1584e-07
vn 0.707076 -0.707138 5.39091e-07
vn 0.960379 -0.232701 -0.153368
vn 0.707076 -0.707138 5.39091e-07
vn 0.980781 -0.195113 2.1584e-07
vn 0.858678 -0.494741 0.133803
vn 0.980781 -0.195113 2.1584e-07
vn 0.972688 -0.127726 0.193815
vn 0.922093 -0.35288 0.158807
vn 0.851451 -0.480669 0.209735
vn 0.972688 -0.127726 0.193815
vn 0.823515 -0.263864 0.502194
vn 0.916055 -0.211454 0.34078
vn 0.972688 -0.127726 0.193815
vn 0.923886 9.71016e-06 0.382669
vn 0.972688 -0.127726 0.193815
vn 0.980786 3.61716e-05 0.195087
vn 0.923886 9.71016e-06 0.382669
vn 0.980781 -0.195113 2.1584e-07
vn 1 6.11908e-05 -7.82318e-07
vn 0.972688 -0.127726 0.193815
vn 1 6.11908e-05 -7.82318e-07
vn 0.980786 3.61716e-05 0.195087
vn 0.972688 -0.127726 0.193815
vn 1 6.11908e-05 -7.82318e-07
vn 0.980781 -0.195113 2.1584e-07
vn 0.980785 8.36868e-05 -0.195091
vn 0.980781 -0.195113 2.1584e-07
vn 0.960379 -0.232701 -0.153368
vn 0.980785 8.36868e-05 -0.195091
vn 0.851412 -0.209751 -0.480731
vn 0.960379 -0.232701 -0.153368
vn 0.823464 -0.502243 -0.263931
vn 0.960379 -0.232701 -0.153368
vn 0.922058 -0.158842 -0.352956
vn 0.980785 8.36868e-05 -0.195091
vn 0.924896 -0.268863 -0.268848
vn 0.922058 -0.158842 -0.352956
vn 0.916007 -0.340846 -0.211555
vn 0.924986 -0.268653 0.268751
vn 0.922093 -0.35288 0.158807
vn 0.916055 -0.211454 0.34078
vn 0.922058 -0.158842 -0.352956
vn 0.923877 0.0001029 -0.382689
vn 0.980785 8.36868e-05 -0.195091
vn -0.27459 -0.923915 -0.266422
vn 0.000117232 -1 -2.28231e-06
vn -0.362684 -0.862936 -0.351854
vn 6.1e-05 0.000122245 -1
vn 5.73323e-05 -0.233921 -0.972256
vn -0.127601 -0.193836 -0.9727
vn -0.259396 0.000102214 -0.965771
vn 6.1e-05 0.000122245 -1
vn -0.127601 -0.193836 -0.9727
vn -0.127601 -0.193836 -0.9727
vn -0.4946 -0.133861 -0.85875
vn -0.259396 0.000102214 -0.965771
vn -0.4946 -0.133861 -0.85875
vn -0.706956 4.32773e-05 -0.707258
vn -0.259396 0.000102214 -0.965771
vn -0.480517 -0.209801 -0.85152
vn -0.127601 -0.193836 -0.9727
vn -0.263711 -0.502245 -0.823533
vn -0.268577 -0.268786 -0.924998
vn -0.352748 -0.158851 -0.922136
vn -0.211341 -0.340817 -0.916067
vn -0.127601 -0.193836 -0.9727
vn 5.73323e-05 -0.233921 -0.972256
vn 8.62701e-05 -0.707104 -0.70711
vn -0.211341 -0.340817 -0.916067
vn -0.127601 -0.193836 -0.9727
vn 0.00010629 -0.38268 -0.923881
vn 6.87717e-05 -0.646311 -0.763074
vn 5.73323e-05 -0.233921 -0.972256
vn 0.133815 -0.494784 -0.858651
vn 5.73323e-05 -0.233921 -0.972256
vn 0.193819 -0.127758 -0.972683
vn 0.133815 -0.494784 -0.858651
vn 5.73323e-05 -0.233921 -0.972256
vn 6.1e-05 0.000122245 -1
vn 0.193819 -0.127758 -0.972683
vn 6.1e-05 0.000122245 -1
vn 0.195085 0.000131808 -0.980786
vn 0.193819 -0.127758 -0.972683
vn 0.193819 -0.127758 -0.972683
vn 0.195085 0.000131808 -0.980786
vn 0.382672 0.000136245 -0.923885
vn 0.20974 -0.480714 -0.851424
vn 0.193819 -0.127758 -0.972683
vn 0.502217 -0.263923 -0.823482
vn 0.340811 -0.211537 -0.916024
vn 0.193819 -0.127758 -0.972683
vn 0.382672 0.000136245 -0.923885
vn 0.268818 -0.268813 -0.92492
vn 0.158824 -0.352937 -0.922068
vn 0.340811 -0.211537 -0.916024
vn 0.274665 -0.923922 -0.266321
vn 4.70035e-06 -1 -4.14487e-06
vn 0.362821 -0.862901 -0.3518
vn -0.710539 -7.69803e-05 -0.703657
vn -0.710541 7.15691e-06 -0.703656
vn -0.710539 -7.69803e-05 -0.703657
vn -0.710538 -0.000161118 -0.703659
vn -0.710539 -7.69803e-05 -0.703657
vn -0.710539 -7.69803e-05 -0.703657
vn 1 6.10106e-05 0.00012303
vn 0.93132 -0.3642 0.00119068
vn 1 6.10106e-05 0.00012303
vn 1 6.10101e-05 0.00012303
vn 1 6.10106e-05 0.00012303
vn 1 6.10106e-05 0.00012303
vn -0.856935 -0.515424 0.00071962
vn -0.734592 -0.678506 0.0020051
vn -0.694867 -0.719137 0.0010036
vn -0.652898 -0.757446 -1.15301e-06
vn -0.694867 -0.719137 0.0010036
vn -0.298545 -0.954396 0.000426215
vn 1.73007e-05 -0.834603 0.550852
vn 3.50053e-05 -0.83461 0.550841
vn 8.91534e-05 -0.973275 0.229643
vn 4.08733e-05 -0.957758 0.287576
vn 1.73007e-05 -0.834603 0.550852
vn 8.91534e-05 -0.973275 0.229643
vn 1.73007e-05 -0.834603 0.550852
vn 4.08733e-05 -0.957758 0.287576
vn 1.56451e-06 -0.973275 0.229643
vn -4.01376e-07 -0.83461 0.550841
vn 1.73007e-05 -0.834603 0.550852
vn 1.56451e-06 -0.973275 0.229643
vn -0.268729 -0.924959 0.268766
vn -0.352847 -0.92211 0.158786
vn -0.211484 -0.916043 0.340793
vn 3.50481e-05 -0.835821 0.549002
vn 4.8831e-05 -0.991544 0.129775
vn 0.133798 -0.858653 0.494786
vn 4.8831e-05 -0.991544 0.129775
vn 0.16586 -0.980069 0.109339
vn 0.133798 -0.858653 0.494786
vn 0.209723 -0.851429 0.480713
vn 0.16586 -0.980069 0.109339
vn 0.502223 -0.823477 0.263928
vn 0.707076 -0.707138 5.39091e-07
vn 0.522087 -0.835947 0.169169
vn 0.16586 -0.980069 0.109339
vn 0.146114 -0.989268 -1.13579e-05
vn 0.707076 -0.707138 5.39091e-07
vn 0.16586 -0.980069 0.109339
vn 0.707076 -0.707138 5.39091e-07
vn 0.146114 -0.989268 -1.13579e-05
vn 0.49479 -0.858648 -0.133816
vn 0.146114 -0.989268 -1.13579e-05
vn 0.10932 -0.980071 -0.165863
vn 0.49479 -0.858648 -0.133816
vn 0.480719 -0.851421 -0.209741
vn 0.10932 -0.980071 -0.165863
vn 0.263923 -0.823476 -0.502227
vn 6.87689e-05 -0.763069 -0.646317
vn 0.137833 -0.765292 -0.628753
vn 0.10932 -0.980071 -0.165863
vn 8.19446e-05 -0.98593 -0.167158
vn 6.87689e-05 -0.763069 -0.646317
vn 0.10932 -0.980071 -0.165863
vn -0.158633 -0.922097 -0.352949
vn 8.44763e-05 -0.835814 -0.549013
vn 8.19446e-05 -0.98593 -0.167158
vn -0.165689 -0.980097 -0.109351
vn -0.158633 -0.922097 -0.352949
vn 8.19446e-05 -0.98593 -0.167158
vn -0.209537 -0.85146 -0.48074
vn -0.165689 -0.980097 -0.109351
vn -0.502013 -0.823582 -0.263998
vn -0.706946 -0.707267 -8.67584e-05
vn -0.628569 -0.765432 -0.137896
vn -0.165689 -0.980097 -0.109351
vn -0.145974 -0.989288 -2.83891e-05
vn -0.706946 -0.707267 -8.67584e-05
vn -0.165689 -0.980097 -0.109351
vn -0.706946 -0.707267 -8.67584e-05
vn -0.145974 -0.989288 -2.83891e-05
vn -0.49468 -0.858721 0.133756
vn -0.480621 -0.851492 0.209676
vn -0.109241 -0.980081 0.165852
vn -0.263868 -0.823502 0.502214
vn -0.211484 -0.916043 0.340793
vn -0.109241 -0.980081 0.165852
vn 3.50481e-05 -0.835821 0.549002
vn -0.109241 -0.980081 0.165852
vn 4.8831e-05 -0.991544 0.129775
vn 3.50481e-05 -0.835821 0.549002
vn -0.145974 -0.989288 -2.83891e-05
vn -0.109241 -0.980081 0.165852
vn -0.49468 -0.858721 0.133756
vn -0.268578 -0.924994 -0.268796
vn -0.158633 -0.922097 -0.352949
vn -0.340611 -0.916091 -0.211568
vn 0.268816 -0.92492 -0.268812
vn 0.352947 -0.922064 -0.158826
vn 0.211545 -0.91602 -0.340817
vn 0.10932 -0.980071 -0.165863
vn 0.146114 -0.989268 -1.13579e-05
vn -0.171227 -0.985232 -6.31698e-06
vn 0.149109 -0.977744 -0.147592
vn -0.171227 -0.985232 -6.31698e-06
vn 0.146114 -0.989268 -1.13579e-05
vn 8.19446e-05 -0.98593 -0.167158
vn 0.10932 -0.980071 -0.165863
vn 1.56451e-06 -0.973275 0.229643
vn 1.56451e-06 -0.973275 0.229643
vn 0.10932 -0.980071 -0.165863
vn -0.171227 -0.985232 -6.31698e-06
vn 4.08733e-05 -0.957758 0.287576
vn 8.19446e-05 -0.98593 -0.167158
vn 1.56451e-06 -0.973275 0.229643
vn 8.19446e-05 -0.98593 -0.167158
vn 4.08733e-05 -0.957758 0.287576
vn 8.91534e-05 -0.973275 0.229643
vn -0.165689 -0.980097 -0.109351
vn 8.19446e-05 -0.98593 -0.167158
vn 8.91534e-05 -0.973275 0.229643
vn -0.145974 -0.989288 -2.83891e-05
vn -0.165689 -0.980097 -0.109351
vn 0.171347 -0.985211 1.45211e-05
vn -0.165689 -0.980097 -0.109351
vn 8.91534e-05 -0.973275 0.229643
vn 0.171347 -0.985211 1.45211e-05
vn 0.171347 -0.985211 1.45211e-05
vn -0.148972 -0.977762 -0.147611
vn -0.145974 -0.989288 -2.83891e-05
vn -2.71113e-05 -1 -2.60231e-05
vn 0.149109 -0.977744 -0.147592
vn 0.146114 -0.989268 -1.13579e-05
vn 0.146114 -0.989268 -1.13579e-05
vn 0.16586 -0.980069 0.109339
vn -1.34032e-05 -1 5.77923e-06
vn -2.71113e-05 -1 -2.60231e-05
vn 0.146114 -0.989268 -1.13579e-05
vn -1.34032e-05 -1 5.77923e-06
vn 0.149109 -0.977744 -0.147592
vn -2.71113e-05 -1 -2.60231e-05
vn 6.66138e-06 -1 -8.87799e-06
vn 0.0750111 -0.968213 -0.238613
vn 0.149109 -0.977744 -0.147592
vn 6.66138e-06 -1 -8.87799e-06
vn 0.0750111 -0.968213 -0.238613
vn 6.66138e-06 -1 -8.87799e-06
vn 6.09905e-05 -1 -7.26346e-06
vn 6.09905e-05 -1 -7.26346e-06
vn 6.66138e-06 -1 -8.87799e-06
vn 4.8831e-05 -0.991544 0.129775
vn 7.40072e-05 -0.969948 -0.243313
vn 0.0750111 -0.968213 -0.238613
vn 6.09905e-05 -1 -7.26346e-06
vn -0.0748641 -0.968222 -0.238623
vn 7.40072e-05 -0.969948 -0.243313
vn 6.09905e-05 -1 -7.26346e-06
vn -0.148972 -0.977762 -0.147611
vn -0.0748641 -0.968222 -0.238623
vn 0.000115369 -1 -8.81334e-06
vn 0.000115369 -1 -8.81334e-06
vn 6.09905e-05 -1 -7.26346e-06
vn 4.8831e-05 -0.991544 0.129775
vn 0.000115369 -1 -8.81334e-06
vn -0.0748641 -0.968222 -0.238623
vn 6.09905e-05 -1 -7.26346e-06
vn -0.148972 -0.977762 -0.147611
vn 0.000149142 -1 -2.59177e-05
vn -0.145974 -0.989288 -2.83891e-05
vn 0.000149142 -1 -2.59177e-05
vn -0.148972 -0.977762 -0.147611
vn 0.000115369 -1 -8.81334e-06
vn -0.145974 -0.989288 -2.83891e-05
vn 0.000149142 -1 -2.59177e-05
vn 0.000135393 -1 5.78342e-06
vn -0.109241 -0.980081 0.165852
vn -0.145974 -0.989288 -2.83891e-05
vn 0.000135393 -1 5.78342e-06
vn -0.109241 -0.980081 0.165852
vn 0.000135393 -1 5.78342e-06
vn 0.00012298 -1 5.2114e-06
vn 4.8831e-05 -0.991544 0.129775
vn -0.109241 -0.980081 0.165852
vn 0.00012298 -1 5.2114e-06
vn 0.00012298 -1 5.2114e-06
vn 0.000115369 -1 -8.81334e-06
vn 4.8831e-05 -0.991544 0.129775
vn -1.34032e-05 -1 5.77923e-06
vn 0.16586 -0.980069 0.109339
vn -9.8999e-07 -1 5.20762e-06
vn 0.16586 -0.980069 0.109339
vn 4.8831e-05 -0.991544 0.129775
vn -9.8999e-07 -1 5.20762e-06
vn 6.66138e-06 -1 -8.87799e-06
vn -9.8999e-07 -1 5.20762e-06
vn 4.8831e-05 -0.991544 0.129775
vn 8.25618e-05 -0.881609 -0.47198
vn 0.290903 -0.845031 -0.448662
vn 0.0750111 -0.968213 -0.238613
vn 7.40072e-05 -0.969948 -0.243313
vn 8.25618e-05 -0.881609 -0.47198
vn 0.0750111 -0.968213 -0.238613
vn 8.25618e-05 -0.881609 -0.47198
vn 7.40072e-05 -0.969948 -0.243313
vn -0.0748641 -0.968222 -0.238623
vn -0.290745 -0.845066 -0.448699
vn 8.25618e-05 -0.881609 -0.47198
vn -0.0748641 -0.968222 -0.238623
vn 0.271694 0.923824 0.269686
vn 0.358859 0.862785 0.356121
vn 4.75296e-07 1 0.000242071
vn 0.290903 -0.845031 -0.448662
vn 0.423284 -0.803243 -0.419084
vn 0.149109 -0.977744 -0.147592
vn 0.0750111 -0.968213 -0.238613
vn 0.290903 -0.845031 -0.448662
vn 0.149109 -0.977744 -0.147592
vn 0.609635 -0.478307 -0.632114
vn 0.609613 -0.478353 -0.6321
vn 0.609635 -0.478307 -0.632114
vn 0.609657 -0.478261 -0.632127
vn 0.609635 -0.478307 -0.632114
vn 0.609635 -0.478307 -0.632114
vn 3.47407e-05 -1 4.3853e-05
vn 1.88876e-05 -1 -2.46952e-05
vn 6.09886e-05 -1 0.000149642
vn 6.09785e-05 -1 0.000288116
vn 3.47407e-05 -1 4.3853e-05
vn 6.09886e-05 -1 0.000149642
vn 8.73059e-05 -1 4.38512e-05
vn 6.09785e-05 -1 0.000288116
vn 6.09886e-05 -1 0.000149642
vn 0.000111567 -1 -1.36059e-05
vn 8.73059e-05 -1 4.38512e-05
vn 6.09886e-05 -1 0.000149642
vn 6.10338e-05 -1 -3.95964e-05
vn 1.88876e-05 -1 -2.46952e-05
vn 3.47407e-05 -1 4.3853e-05
vn 6.10035e-05 -1 -0.000122392
vn 6.10338e-05 -1 -3.95964e-05
vn 3.47407e-05 -1 4.3853e-05
vn 0.686992 -0.252677 0.681319
vn 0.710016 4.70187e-05 0.704185
vn 0.710016 4.70601e-05 0.704185
vn 0.656007 -0.382636 0.650572
vn 0.686992 -0.252677 0.681319
vn 0.710016 4.70601e-05 0.704185
vn -0.710017 -3.5757e-05 -0.704185
vn -0.710016 -4.45197e-05 -0.704185
vn -0.710017 -3.5757e-05 -0.704185
vn -0.710017 -2.69943e-05 -0.704185
vn -0.710017 -3.5757e-05 -0.704185
vn -0.710017 -3.5757e-05 -0.704185
vn -0.179322 -0.967559 -0.177969
vn -0.13291 -0.982307 -0.131942
vn 9.92605e-05 -1 -3.44166e-05
vn 0.000120302 -1 -2.31847e-06
vn -0.179322 -0.967559 -0.177969
vn 9.92605e-05 -1 -3.44166e-05
vn 6.10338e-05 -1 -3.95964e-05
vn 0.000111567 -1 -1.36059e-05
vn 0.000125502 -1 -1.4487e-06
vn 0.000125502 -1 -1.4487e-06
vn 0.000111567 -1 -1.36059e-05
vn 9.92605e-05 -1 -3.44166e-05
vn 9.92605e-05 -1 -3.44166e-05
vn 0.000111567 -1 -1.36059e-05
vn 1.88876e-05 -1 -2.46952e-05
vn 1.31555e-05 -1 -2.2978e-05
vn 9.92605e-05 -1 -3.44166e-05
vn 1.88876e-05 -1 -2.46952e-05
vn 0.179462 -0.967537 -0.177946
vn 1.68608e-06 -1 -2.33323e-06
vn 1.31555e-05 -1 -2.2978e-05
vn 1.88876e-05 -1 -2.46952e-05
vn -3.53396e-06 -1 -1.4344e-06
vn 1.31555e-05 -1 -2.2978e-05
vn 0.133046 -0.982291 -0.131925
vn 0.179462 -0.967537 -0.177946
vn 1.31555e-05 -1 -2.2978e-05
vn 1.88876e-05 -1 -2.46952e-05
vn 6.10338e-05 -1 -3.95964e-05
vn -3.53396e-06 -1 -1.4344e-06
vn -0.359003 0.862745 0.356072
vn -0.271833 0.923795 0.269646
vn -0.000122505 1 0.000242071
vn 0.358964 -0.862829 0.355909
vn 0.686992 -0.252677 0.681319
vn 0.612688 -0.505413 0.607594
vn 0.271805 -0.923858 0.269459
vn 0.358964 -0.862829 0.355909
vn 0.502121 -0.707078 0.49791
vn -0.35878 -0.862893 -0.35594
vn -0.179322 -0.967559 -0.177969
vn -0.501979 -0.707156 -0.497944
vn -0.501987 -0.707144 -0.497952
vn -0.501979 -0.707156 -0.497944
vn -0.501979 -0.707156 -0.497944
vn 0.00012256 -1 -2.29596e-06
vn 0.000122525 -1 -2.32921e-06
vn 0.00012256 -1 -2.29596e-06
vn 0.000122596 -1 -2.26271e-06
vn 0.00012256 -1 -2.29596e-06
vn 0.00012256 -1 -2.29596e-06
vn -0.687043 -0.252768 0.681234
vn -0.612699 -0.505492 0.607518
vn -0.710102 -5.0336e-05 0.704099
vn -0.710102 -4.03587e-05 0.704099
vn -0.687043 -0.252768 0.681234
vn -0.710102 -5.0336e-05 0.704099
vn 0.710102 4.23566e-05 -0.704098
vn 0.710102 4.18546e-05 -0.704098
vn 0.710102 4.23566e-05 -0.704098
vn 0.710102 4.28586e-05 -0.704098
vn 0.710102 4.23566e-05 -0.704098
vn 0.710102 4.23566e-05 -0.704098
vn 0.358859 0.862785 0.356121
vn 0.271694 0.923824 0.269686
vn 0.502036 0.707017 0.498084
vn 0.686961 0.252595 0.681381
vn 0.358859 0.862785 0.356121
vn 0.612627 0.505338 0.607718
vn -0.502063 0.707219 -0.497769
vn -0.502074 0.707205 -0.497779
vn -0.502063 0.707219 -0.497769
vn -0.179439 0.967581 -0.17773
vn -0.216628 0.952371 -0.21462
vn -0.502063 0.707219 -0.497769
vn 5.42584e-07 1 0.000242153
vn 6.04309e-07 1 0.000242212
vn 5.42584e-07 1 0.000242153
vn 4.80858e-07 1 0.000242095
vn 5.42584e-07 1 0.000242153
vn 5.42584e-07 1 0.000242153
vn -0.687074 0.252515 0.681296
vn -0.710102 -0.000220311 0.704099
vn -0.710102 -0.000213632 0.704099
vn -0.656084 0.382485 0.650584
vn -0.687074 0.252515 0.681296
vn -0.710102 -0.000213632 0.704099
vn 0.710102 0.000216579 -0.704098
vn 0.710102 0.000219481 -0.704098
vn 0.710102 0.000216579 -0.704098
vn 0.710102 0.000213677 -0.704098
vn 0.710102 0.000216579 -0.704098
vn 0.710102 0.000216579 -0.704098
vn -0.359003 0.862745 0.356072
vn -0.687074 0.252515 0.681296
vn -0.612759 0.505273 0.607639
vn -0.271833 0.923795 0.269646
vn -0.359003 0.862745 0.356072
vn -0.502177 0.706963 0.498017
vn 0.502042 0.707274 -0.497712
vn 0.502036 0.707283 -0.497706
vn 0.502042 0.707274 -0.497712
vn 0.502048 0.707265 -0.497718
vn 0.502042 0.707274 -0.497712
vn 0.502042 0.707274 -0.497712
vn -0.000122579 1 0.000242161
vn -0.000122525 1 0.000242109
vn -0.000122579 1 0.000242161
vn -0.000122634 1 0.000242213
vn -0.000122579 1 0.000242161
vn -0.000122579 1 0.000242161
vn 0.164744 0.973283 0.159935
vn 0.304122 0.950121 0.0691381
vn 0.506021 0.821504 0.26282
vn 0.391782 0.837839 0.380175
vn 0.164744 0.973283 0.159935
vn 0.506021 0.821504 0.26282
vn 0.304122 0.950121 0.0691381
vn 0.162871 0.986647 0.000589993
vn 0.655875 0.754869 0.000686572
vn 0.506021 0.821504 0.26282
vn 0.304122 0.950121 0.0691381
vn 0.655875 0.754869 0.000686572
vn -0.000245406 0.962095 -0.272713
vn -0.000215469 0.984837 -0.173482
vn -0.000443255 0.765877 -0.642987
vn 7.23727e-05 0.781626 -0.623747
vn -0.000245406 0.962095 -0.272713
vn -0.000443255 0.765877 -0.642987
vn -0.259171 0.965831 0.000422296
vn -0.166689 0.98601 0.000339308
vn -0.614462 0.788947 0.000343188
vn -0.590844 0.806786 0.000122943
vn -0.259171 0.965831 0.000422296
vn -0.614462 0.788947 0.000343188
vn 0.145149 0.986331 -0.0779975
vn -0.270938 0.95169 -0.144497
vn 0.304122 0.950121 0.0691381
vn 0.0278142 0.989801 0.139718
vn 0.145149 0.986331 -0.0779975
vn 0.304122 0.950121 0.0691381
vn -0.270938 0.95169 -0.144497
vn -0.239502 0.964165 0.11413
vn 0.11331 0.965779 -0.233305
vn 0.304122 0.950121 0.0691381
vn -0.270938 0.95169 -0.144497
vn 0.11331 0.965779 -0.233305
vn -0.239502 0.964165 0.11413
vn 0.106392 0.96662 0.233081
vn -0.223227 0.967373 -0.119827
vn 0.11331 0.965779 -0.233305
vn -0.239502 0.964165 0.11413
vn -0.223227 0.967373 -0.119827
vn 0.0278142 0.989801 0.139718
vn -0.223227 0.967373 -0.119827
vn 0.106392 0.96662 0.233081
vn 0.145149 0.986331 -0.0779975
vn 0.0278142 0.989801 0.139718
vn 0.106392 0.96662 0.233081
vn 0.000127929 0.000256322 -1
vn 0.000133932 0.000204105 -1
vn 0.000127929 0.000256322 -1
vn 0.000121927 0.000308538 -1
vn 0.000127929 0.000256322 -1
vn 0.000127929 0.000256322 -1
vn -1 -6.1204e-05 -0.000122598
vn -1 -6.1204e-05 -0.000122598
vn -1 -6.1204e-05 -0.000122598
vn -1 -6.12041e-05 -0.000122598
vn -1 -6.1204e-05 -0.000122598
vn -1 -6.1204e-05 -0.000122598
vn 0.868132 -4.84608e-05 0.496334
vn 0.968701 9.09132e-07 0.248232
vn 0.717839 -9.85817e-05 0.69621
vn 0.717839 -9.90298e-05 0.69621
vn 0.868132 -4.84608e-05 0.496334
vn 0.717839 -9.85817e-05 0.69621
vn 1 5.03422e-05 0.000122019
vn 1 3.9485e-05 0.000122686
vn 0.968701 9.09132e-07 0.248232
vn 0.868132 -4.84608e-05 0.496334
vn 1 5.03422e-05 0.000122019
vn 0.968701 9.09132e-07 0.248232
vn -0.000122272 -0.000247761 1
vn -0.000122396 -0.000231245 1
vn -0.000122272 -0.000247761 1
vn -0.000122148 -0.000264278 1
vn -0.000122272 -0.000247761 1
vn -0.000122272 -0.000247761 1
vn 1 5.77776e-05 0.000121944
vn 1 5.77765e-05 0.000121944
vn 1 5.77776e-05 0.000121944
vn 1 5.77787e-05 0.000121944
vn 1 5.77776e-05 0.000121944
vn 1 5.77776e-05 0.000121944
vn -0.866005 7.28791e-05 -0.500035
vn -0.713524 0.000132268 -0.700631
vn -0.713524 0.000135142 -0.700631
vn -0.968224 2.12036e-06 -0.250085
vn -0.866005 7.28791e-05 -0.500035
vn -0.713524 0.000135142 -0.700631
vn -1 -6.60367e-05 -0.000125746
vn -0.866005 7.28791e-05 -0.500035
vn -0.968224 2.12036e-06 -0.250085
vn -1 -6.60386e-05 -0.000125746
vn -1 -6.60367e-05 -0.000125746
vn -0.968224 2.12036e-06 -0.250085
vn 0.25931 0.965794 0.000522014
vn 0.153242 0.988189 0.00059841
vn 0.614676 0.78878 0.000837379
vn 0.638511 0.769613 0.000265702
vn 0.25931 0.965794 0.000522014
vn 0.614676 0.78878 0.000837379
vn -0.000561202 0.962016 0.272993
vn -0.000809822 0.986686 0.162635
vn -0.00138827 0.766075 0.642749
vn -7.93083e-05 0.748761 0.662841
vn -0.000561202 0.962016 0.272993
vn -0.00138827 0.766075 0.642749
vn -0.27936 0.960186 0.000866357
vn -0.270938 0.95169 -0.144497
vn -0.584225 0.800776 -0.132056
vn -0.623556 0.781779 0.000111161
vn -0.27936 0.960186 0.000866357
vn -0.584225 0.800776 -0.132056
vn -0.270938 0.95169 -0.144497
vn -0.114309 0.987227 -0.110979
vn -0.417737 0.811796 -0.408024
vn -0.584225 0.800776 -0.132056
vn -0.270938 0.95169 -0.144497
vn -0.417737 0.811796 -0.408024
vn -0.164882 0.973263 0.159914
vn -0.391928 0.837794 0.380125
vn -0.506154 0.821442 0.262757
vn -0.304247 0.950083 0.0691008
vn -0.164882 0.973263 0.159914
vn -0.506154 0.821442 0.262757
vn -0.304247 0.950083 0.0691008
vn -0.506154 0.821442 0.262757
vn -0.65597 0.754786 0.000606644
vn -0.162992 0.986627 0.000569596
vn -0.304247 0.950083 0.0691008
vn -0.65597 0.754786 0.000606644
vn 0.000161012 0.962095 -0.272715
vn -9.14964e-05 0.781622 -0.623752
vn 0.000428383 0.765874 -0.642991
vn 0.000116398 0.984837 -0.173484
vn 0.000161012 0.962095 -0.272715
vn 0.000428383 0.765874 -0.642991
vn 0.259054 0.965863 0.000453596
vn 0.590747 0.806857 0.000195043
vn 0.614366 0.789021 0.000418165
vn 0.166568 0.98603 0.000359359
vn 0.259054 0.965863 0.000453596
vn 0.614366 0.789021 0.000418165
vn -0.14526 0.986313 -0.0780154
vn -0.0279515 0.989797 0.139713
vn -0.304247 0.950083 0.0691008
vn 0.270839 0.951723 -0.144464
vn -0.14526 0.986313 -0.0780154
vn -0.304247 0.950083 0.0691008
vn 0.270839 0.951723 -0.144464
vn -0.304247 0.950083 0.0691008
vn -0.113401 0.965765 -0.233321
vn 0.23937 0.964194 0.114158
vn 0.270839 0.951723 -0.144464
vn -0.113401 0.965765 -0.233321
vn 0.23937 0.964194 0.114158
vn -0.113401 0.965765 -0.233321
vn 0.223124 0.9674 -0.119801
vn -0.106538 0.966607 0.233068
vn 0.23937 0.964194 0.114158
vn 0.223124 0.9674 -0.119801
vn -0.0279515 0.989797 0.139713
vn -0.14526 0.986313 -0.0780154
vn -0.106538 0.966607 0.233068
vn 0.223124 0.9674 -0.119801
vn -0.0279515 0.989797 0.139713
vn -0.106538 0.966607 0.233068
vn -5.15703e-06 0.000251076 -1
vn 2.58118e-07 0.000298217 -1
vn -5.15703e-06 0.000251076 -1
vn -1.05722e-05 0.000203936 -1
vn -5.15703e-06 0.000251076 -1
vn -5.15703e-06 0.000251076 -1
vn 6.10035e-05 0.000180365 -1
vn 6.10038e-05 0.00018038 -1
vn 6.10035e-05 0.000180365 -1
vn 6.10032e-05 0.000180351 -1
vn 6.10035e-05 0.000180365 -1
vn 6.10035e-05 0.000180365 -1
vn -0.71054 0.000164899 -0.703657
vn -0.710538 0.000248972 -0.703659
vn -0.71054 0.000164899 -0.703657
vn -0.710541 8.08268e-05 -0.703656
vn -0.71054 0.000164899 -0.703657
vn -0.71054 0.000164899 -0.703657
vn 1 6.49076e-05 0.00012337
vn 0.970568 0.240828 0.000855637
vn 1 5.67643e-05 0.000122879
vn 1 5.26926e-05 0.000122634
vn 1 5.67643e-05 0.000122879
vn 0.970568 0.240828 0.000855637
vn 1 5.76946e-05 0.000122355
vn 1 5.67643e-05 0.000122879
vn 1 5.26926e-05 0.000122634
vn -1 -5.78091e-05 -1.04763e-07
vn -1 -5.78089e-05 -1.04763e-07
vn -1 -5.78091e-05 -1.04763e-07
vn -1 -5.78092e-05 -1.04764e-07
vn -1 -5.78091e-05 -1.04763e-07
vn -1 -5.78091e-05 -1.04763e-07
vn 0.866066 0.000183104 -0.499929
vn 0.968254 0.00013003 -0.249967
vn 0.713609 0.000223548 -0.700544
vn 0.71361 0.000214815 -0.700544
vn 0.866066 0.000183104 -0.499929
vn 0.713609 0.000223548 -0.700544
vn 0.710625 0.000251221 -0.703571
vn 0.710627 0.000167911 -0.703569
vn 0.710625 0.000251221 -0.703571
vn 0.710624 0.000334531 -0.703572
vn 0.710625 0.000251221 -0.703571
vn 0.710625 0.000251221 -0.703571
vn -1 -6.13232e-05 1.01848e-06
vn -0.93134 0.364149 0.00111325
vn -1 -6.13232e-05 1.01848e-06
vn -1 -5.77159e-05 9.54767e-07
vn -1 -6.13232e-05 1.01848e-06
vn -1 -6.13232e-05 1.01848e-06
vn 0.507639 0.706916 0.492517
vn 0.507644 0.706908 0.492522
vn 0.507639 0.706916 0.492517
vn 0.507634 0.706923 0.492512
vn 0.507639 0.706916 0.492517
vn 0.507639 0.706916 0.492517
vn -0.507541 0.707294 -0.492074
vn -0.27468 0.923959 -0.266176
vn -0.2747 0.923948 -0.266196
vn -0.663181 0.382892 -0.643105
vn -0.663173 0.382919 -0.643098
vn -0.2747 0.923948 -0.266196
vn 0.274639 0.923971 -0.26618
vn 0.663211 0.382984 -0.64302
vn 0.66321 0.382987 -0.643019
vn 0.274636 0.923973 -0.266177
vn 0.274639 0.923971 -0.26618
vn 0.66321 0.382987 -0.643019
vn -0.507776 0.706868 0.492445
vn -0.507772 0.706873 0.492441
vn -0.507776 0.706868 0.492445
vn -0.50778 0.706862 0.492449
vn -0.507776 0.706868 0.492445
vn -0.507776 0.706868 0.492445
vn 0.507577 0.707002 0.492457
vn 0.507579 0.706999 0.492459
vn 0.507577 0.707002 0.492457
vn 0.507576 0.707004 0.492456
vn 0.507577 0.707002 0.492457
vn 0.507577 0.707002 0.492457
vn 1.19217e-05 -0.707102 0.707112
vn 0.137807 -0.628746 0.765303
vn 0.15337 -0.232671 0.960386
vn -5.48058e-05 -0.167135 0.985934
vn -2.19974e-05 -0.382666 0.923887
vn 0.15337 -0.232671 0.960386
vn -0.158868 -0.352939 0.92206
vn -2.19974e-05 -0.382666 0.923887
vn -5.48058e-05 -0.167135 0.985934
vn -0.23272 -0.153374 0.960374
vn -0.158868 -0.352939 0.92206
vn -5.48058e-05 -0.167135 0.985934
vn 0.480697 -0.209709 0.851441
vn 0.15337 -0.232671 0.960386
vn 0.26389 -0.502211 0.823497
vn 0.268695 -0.268726 0.924981
vn 0.352901 -0.158812 0.922084
vn 0.211505 -0.340806 0.916033
vn 0.15337 -0.232671 0.960386
vn 0.352901 -0.158812 0.922084
vn 0.195072 -0.000107712 0.980789
vn -5.48058e-05 -0.167135 0.985934
vn 0.15337 -0.232671 0.960386
vn 0.195072 -0.000107712 0.980789
vn -6.09499e-05 -0.000121907 1
vn -5.48058e-05 -0.167135 0.985934
vn 0.195072 -0.000107712 0.980789
vn -0.23272 -0.153374 0.960374
vn -5.48058e-05 -0.167135 0.985934
vn -0.129899 -0.000129646 0.991527
vn -5.48058e-05 -0.167135 0.985934
vn -6.09499e-05 -0.000121907 1
vn -0.129899 -0.000129646 0.991527
vn -0.23272 -0.153374 0.960374
vn -0.129899 -0.000129646 0.991527
vn -0.603755 -0.000134842 0.79717
vn -0.522112 -0.169225 0.83592
vn -0.23272 -0.153374 0.960374
vn -0.603755 -0.000134842 0.79717
vn -0.20977 -0.48072 0.851413
vn -0.23272 -0.153374 0.960374
vn -0.502227 -0.264018 0.823446
vn -0.268892 -0.268891 0.924876
vn -0.158868 -0.352939 0.92206
vn -0.340827 -0.211581 0.916008
vn 0.352901 -0.158812 0.922084
vn 0.382619 -8.97353e-05 0.923906
vn 0.195072 -0.000107712 0.980789
vn 0.694954 -0.719054 0.0010884
vn 0.652991 -0.757366 7.85521e-05
vn 0.298661 -0.954359 0.000462595
vn 0.734672 -0.678419 0.00209472
vn 0.856997 -0.51532 0.000824206
vn 0.694954 -0.719054 0.0010884
vn -0.290745 -0.845066 -0.448699
vn -0.074864 -0.968222 -0.238623
vn -0.148972 -0.977762 -0.147611
vn -0.423135 -0.803294 -0.419136
vn -0.290745 -0.845066 -0.448699
vn -0.148972 -0.977762 -0.147611
vn -7.95468e-08 6.46082e-05 -1
vn -1.59097e-07 6.64029e-05 -1
vn 6.09907e-05 6.41702e-05 -1
vn 6.10103e-05 6.28172e-05 -1
vn -7.95468e-08 6.46082e-05 -1
vn 6.09907e-05 6.41702e-05 -1
vn 0.000122061 6.37323e-05 -1
vn 6.10103e-05 6.28172e-05 -1
vn 6.09907e-05 6.41702e-05 -1
vn 0.000122101 6.46437e-05 -1
vn 0.000122061 6.37323e-05 -1
vn 6.09907e-05 6.41702e-05 -1
vn 0.710625 9.18034e-06 -0.703571
vn 0.710624 -7.04574e-05 -0.703572
vn 0.710625 9.18034e-06 -0.703571
vn 0.710626 8.88181e-05 -0.703569
vn 0.710625 9.18034e-06 -0.703571
vn 0.710625 9.18034e-06 -0.703571
vn -1 -6.1019e-05 9.68596e-07
vn -1 -6.1019e-05 9.68595e-07
vn -1 -6.1019e-05 9.68596e-07
vn -0.931276 -0.364313 0.00107703
vn -1 -6.1019e-05 9.68596e-07
vn -1 -6.1019e-05 9.68596e-07
vn 3.60127e-08 -6.21405e-05 1
vn 2.39975e-08 -6.28135e-05 1
vn -6.10037e-05 -6.21443e-05 1
vn -6.10037e-05 -6.14713e-05 1
vn 3.60127e-08 -6.21405e-05 1
vn -6.10037e-05 -6.21443e-05 1
vn -0.000122043 -6.21481e-05 1
vn -6.10037e-05 -6.14713e-05 1
vn -6.10037e-05 -6.21443e-05 1
vn -0.000122031 -6.2821e-05 1
vn -0.000122043 -6.21481e-05 1
vn -6.10037e-05 -6.21443e-05 1
vn 0.164863 -0.973302 0.159697
vn 0.391882 -0.837886 0.379968
vn 0.506123 -0.821505 0.262619
vn 0.30424 -0.9501 0.0689061
vn 0.164863 -0.973302 0.159697
vn 0.506123 -0.821505 0.262619
vn 0.30424 -0.9501 0.0689061
vn 0.506123 -0.821505 0.262619
vn 0.655973 -0.754784 0.000502131
vn 0.162993 -0.986627 0.000348309
vn 0.30424 -0.9501 0.0689061
vn 0.655973 -0.754784 0.000502131
vn -0.000127734 -0.962029 -0.272948
vn 0.000167709 -0.781474 -0.623937
vn -0.000349855 -0.76572 -0.643174
vn -9.55444e-05 -0.984794 -0.173724
vn -0.000127734 -0.962029 -0.272948
vn -0.000349855 -0.76572 -0.643174
vn -0.259054 -0.965863 0.000185594
vn -0.590746 -0.806858 -7.42793e-05
vn -0.614365 -0.789022 0.000150322
vn -0.166568 -0.98603 9.7764e-05
vn -0.259054 -0.965863 0.000185594
vn -0.614365 -0.789022 0.000150322
vn 0.14527 -0.986294 -0.0782389
vn 0.0279352 -0.989831 0.139475
vn 0.30424 -0.9501 0.0689061
vn -0.270821 -0.951688 -0.144729
vn 0.14527 -0.986294 -0.0782389
vn 0.30424 -0.9501 0.0689061
vn -0.270821 -0.951688 -0.144729
vn 0.30424 -0.9501 0.0689061
vn 0.11343 -0.965708 -0.233541
vn -0.239383 -0.964222 0.113893
vn -0.270821 -0.951688 -0.144729
vn 0.11343 -0.965708 -0.233541
vn -0.239383 -0.964222 0.113893
vn 0.11343 -0.965708 -0.233541
vn -0.22311 -0.967371 -0.120064
vn 0.10651 -0.966664 0.232844
vn -0.239383 -0.964222 0.113893
vn -0.22311 -0.967371 -0.120064
vn 0.0279352 -0.989831 0.139475
vn 0.14527 -0.986294 -0.0782389
vn 0.10651 -0.966664 0.232844
vn -0.22311 -0.967371 -0.120064
vn 0.0279352 -0.989831 0.139475
vn 0.10651 -0.966664 0.232844
vn 0.000127939 -1.14546e-05 -1
vn 0.000121936 -6.37366e-05 -1
vn 0.000127939 -1.14546e-05 -1
vn 0.000133943 4.08275e-05 -1
vn 0.000127939 -1.14546e-05 -1
vn 0.000127939 -1.14546e-05 -1
vn -1 -6.09053e-05 -0.000122596
vn -1 -6.05861e-05 -0.000122608
vn -1 -6.09053e-05 -0.000122596
vn -1 -6.12245e-05 -0.000122583
vn -1 -6.09053e-05 -0.000122596
vn -1 -6.09053e-05 -0.000122596
vn 0.868132 3.39704e-05 0.496334
vn 0.717839 1.85576e-05 0.69621
vn 0.717839 1.7045e-05 0.69621
vn 0.968701 5.64414e-05 0.248232
vn 0.868132 3.39704e-05 0.496334
vn 0.717839 1.7045e-05 0.69621
vn 1 7.14113e-05 0.000122123
vn 0.868132 3.39704e-05 0.496334
vn 0.968701 5.64414e-05 0.248232
vn 1 8.16035e-05 0.000122752
vn 1 7.14113e-05 0.000122123
vn 0.968701 5.64414e-05 0.248232
vn -0.000122152 3.30273e-05 1
vn -0.000122152 3.30268e-05 1
vn -0.000122152 3.30273e-05 1
vn -0.000122152 3.30278e-05 1
vn -0.000122152 3.30273e-05 1
vn -0.000122152 3.30273e-05 1
vn 1 6.19416e-05 0.000121941
vn 1 6.60699e-05 0.00012193
vn 1 6.19416e-05 0.000121941
vn 1 5.78132e-05 0.000121953
vn 1 6.19416e-05 0.000121941
vn 1 6.19416e-05 0.000121941
vn -0.866005 -5.12456e-05 -0.500035
vn -0.968224 -4.79777e-05 -0.250085
vn -0.713524 -4.70345e-05 -0.700631
vn -0.713524 -5.87134e-05 -0.700631
vn -0.866005 -5.12456e-05 -0.500035
vn -0.713524 -4.70345e-05 -0.700631
vn -1 -4.95528e-05 -0.00012573
vn -1 -4.95549e-05 -0.00012573
vn -0.968224 -4.79777e-05 -0.250085
vn -0.866005 -5.12456e-05 -0.500035
vn -1 -4.95528e-05 -0.00012573
vn -0.968224 -4.79777e-05 -0.250085
vn 0.259428 -0.965763 0.000285461
vn 0.638605 -0.769535 7.757e-05
vn 0.614772 -0.788704 0.000644554
vn 0.153363 -0.98817 0.00035661
vn 0.259428 -0.965763 0.000285461
vn 0.614772 -0.788704 0.000644554
vn -0.0004434 -0.962083 0.272757
vn 1.22418e-05 -0.748922 0.662658
vn -0.0012947 -0.766233 0.642561
vn -0.000688957 -0.986726 0.162393
vn -0.0004434 -0.962083 0.272757
vn -0.0012947 -0.766233 0.642561
vn -0.279242 -0.960221 0.000631014
vn -0.62346 -0.781855 -7.99557e-05
vn -0.584127 -0.800816 -0.132252
vn -0.270821 -0.951688 -0.144729
vn -0.279242 -0.960221 0.000631014
vn -0.584127 -0.800816 -0.132252
vn -0.270821 -0.951688 -0.144729
vn -0.584127 -0.800816 -0.132252
vn -0.417636 -0.811748 -0.408221
vn -0.114188 -0.987214 -0.111221
vn -0.270821 -0.951688 -0.144729
vn -0.417636 -0.811748 -0.408221
vn -2.16528e-05 1 0.000194279
vn -0.000113473 1 0.000218383
vn -7.43154e-05 1 0.000154962
vn -4.10343e-05 1 0.000171456
vn -2.16528e-05 1 0.000194279
vn -7.43154e-05 1 0.000154962
vn 5.80927e-05 0.0471154 -0.998889
vn 5.80965e-05 0.0471154 -0.998889
vn 5.80927e-05 0.0471154 -0.998889
vn 5.80889e-05 0.0471153 -0.998889
vn 5.80927e-05 0.0471154 -0.998889
vn 5.80927e-05 0.0471154 -0.998889
vn -7.60286e-05 0.290023 0.95702
vn -7.60249e-05 0.290023 0.95702
vn -7.60286e-05 0.290023 0.95702
vn -7.60324e-05 0.290023 0.95702
vn -7.60286e-05 0.290023 0.95702
vn -7.60286e-05 0.290023 0.95702
vn -2.84952e-05 1 0.000190321
vn -9.33164e-05 1 0.00019762
vn -5.92943e-05 1 0.000151919
vn -6.28974e-05 1 0.000162716
vn -2.84952e-05 1 0.000190321
vn -5.92943e-05 1 0.000151919
vn -2.16528e-05 1 0.000194279
vn -4.10343e-05 1 0.000171456
vn -6.1012e-05 1 0.000266601
vn -6.10063e-05 1 0.000312259
vn -2.16528e-05 1 0.000194279
vn -6.1012e-05 1 0.000266601
vn -0.000113473 1 0.000218383
vn -6.10063e-05 1 0.000312259
vn -6.1012e-05 1 0.000266601
vn -7.43154e-05 1 0.000154962
vn -0.000113473 1 0.000218383
vn -6.1012e-05 1 0.000266601
vn 6.09917e-05 -1 3.17465e-05
vn 6.09808e-05 -1 6.82589e-05
vn 0.000132439 -1 2.20573e-05
vn 0.000112096 -1 4.68129e-06
vn 6.09917e-05 -1 3.17465e-05
vn 0.000132439 -1 2.20573e-05
vn 0.690561 -0.100778 0.716219
vn 0.690564 -0.100753 0.716219
vn 0.690561 -0.100778 0.716219
vn 0.690558 -0.100804 0.716218
vn 0.690561 -0.100778 0.716219
vn 0.690561 -0.100778 0.716219
vn -0.609499 -0.478381 -0.632188
vn -0.609521 -0.478336 -0.632202
vn -0.609499 -0.478381 -0.632188
vn -0.609477 -0.478427 -0.632175
vn -0.609499 -0.478381 -0.632188
vn -0.609499 -0.478381 -0.632188
vn 6.10338e-05 -1 -3.95964e-05
vn 6.10035e-05 -1 -0.000122392
vn 8.73059e-05 -1 4.38512e-05
vn 0.000111567 -1 -1.36059e-05
vn 6.10338e-05 -1 -3.95964e-05
vn 8.73059e-05 -1 4.38512e-05
vn 6.09917e-05 -1 3.17465e-05
vn 9.89318e-06 -1 4.68118e-06
vn -1.04622e-05 -1 2.20516e-05
vn 6.09808e-05 -1 6.82589e-05
vn 6.09917e-05 -1 3.17465e-05
vn -1.04622e-05 -1 2.20516e-05
vn -1.04622e-05 -1 2.20516e-05
vn 9.89318e-06 -1 4.68118e-06
vn 6.09853e-05 -1 1.23623e-05
vn 6.09843e-05 -1 1.05964e-05
vn -1.04622e-05 -1 2.20516e-05
vn 6.09853e-05 -1 1.23623e-05
vn 0.000132439 -1 2.20573e-05
vn 6.09843e-05 -1 1.05964e-05
vn 6.09853e-05 -1 1.23623e-05
vn 0.000112096 -1 4.68129e-06
vn 0.000132439 -1 2.20573e-05
vn 6.09853e-05 -1 1.23623e-05
vn 6.10058e-05 -1 -5.71301e-05
vn 3.13453e-05 -1 3.9858e-05
vn 6.09937e-05 -1 0.000145246
vn 9.04268e-05 -1 3.99439e-05
vn 6.10058e-05 -1 -5.71301e-05
vn 6.09937e-05 -1 0.000145246
vn 6.07375e-05 -1 -6.42696e-05
vn 6.10058e-05 -1 -5.71301e-05
vn 9.04268e-05 -1 3.99439e-05
vn 6.10058e-05 -1 -5.71301e-05
vn 6.07375e-05 -1 -6.42696e-05
vn 3.13453e-05 -1 3.9858e-05
vn 0.000117 -1 1.61321e-05
vn 6.07375e-05 -1 -6.42696e-05
vn 9.04268e-05 -1 3.99439e-05
vn 6.09766e-05 -1 0.000159633
vn 6.09937e-05 -1 0.000145246
vn 3.13453e-05 -1 3.98581e-05
vn 6.09937e-05 -1 0.000145246
vn 6.09766e-05 -1 0.000159633
vn 9.04268e-05 -1 3.99439e-05
vn 6.09766e-05 -1 0.000159633
vn 0.000117 -1 1.61321e-05
vn 9.04268e-05 -1 3.99439e-05
vn 6.07375e-05 -1 -6.42696e-05
vn 4.43373e-06 -1 1.59196e-05
vn 3.13453e-05 -1 3.9858e-05
vn 4.43373e-06 -1 1.59196e-05
vn 6.09766e-05 -1 0.000159633
vn 3.13453e-05 -1 3.98581e-05
vn 3.13633e-07 -0.0468839 -0.9989
vn 1.71049e-07 -0.0468826 -0.9989
vn 6.37846e-05 -0.0468843 -0.9989
vn 6.38224e-05 -0.0468853 -0.9989
vn 3.13633e-07 -0.0468839 -0.9989
vn 6.37846e-05 -0.0468843 -0.9989
vn 0.000127256 -0.0468846 -0.9989
vn 6.38224e-05 -0.0468853 -0.9989
vn 6.37846e-05 -0.0468843 -0.9989
vn 0.000127322 -0.046884 -0.9989
vn 0.000127256 -0.0468846 -0.9989
vn 6.37846e-05 -0.0468843 -0.9989
vn -4.06973e-05 -0.290308 0.956933
vn -8.31197e-05 -0.2903 0.956936
vn -8.16225e-05 -0.290309 0.956933
vn -4.07657e-05 -0.290317 0.95693
vn -4.06973e-05 -0.290308 0.956933
vn -8.16225e-05 -0.290309 0.956933
vn -4.06973e-05 -0.290308 0.956933
vn -4.07657e-05 -0.290317 0.95693
vn 2.27921e-07 -0.290308 0.956933
vn 1.86193e-06 -0.290299 0.956936
vn -4.06973e-05 -0.290308 0.956933
vn 2.27921e-07 -0.290308 0.956933
vn 0.283343 0.723591 -0.62939
vn 0.371214 0.430751 -0.82259
vn 0.247662 0.798025 -0.549381
vn -0.690636 -0.100863 0.716135
vn -0.690633 -0.100887 0.716134
vn -0.690636 -0.100863 0.716135
vn -0.690639 -0.100838 0.716135
vn -0.690636 -0.100863 0.716135
vn -0.690636 -0.100863 0.716135
vn -0.358903 -0.862872 0.355866
vn -0.271726 -0.923891 0.269427
vn -0.612699 -0.505492 0.607518
vn -0.687043 -0.252768 0.681234
vn -0.358903 -0.862872 0.355866
vn -0.612699 -0.505492 0.607518
vn 0.502126 -0.707094 -0.497883
vn 0.502135 -0.707081 -0.497892
vn 0.502126 -0.707094 -0.497883
vn 0.179462 -0.967537 -0.177946
vn 0.358929 -0.862849 -0.355896
vn 0.502126 -0.707094 -0.497883
vn -5.53164e-07 -1 -2.31819e-06
vn -5.95805e-07 -1 -2.27785e-06
vn -5.53164e-07 -1 -2.31819e-06
vn -5.10523e-07 -1 -2.35853e-06
vn -5.53164e-07 -1 -2.31819e-06
vn -5.53164e-07 -1 -2.31819e-06
vn -0.507695 -0.707042 0.492278
vn -0.507703 -0.70703 0.492287
vn -0.507695 -0.707042 0.492278
vn -0.507686 -0.707054 0.49227
vn -0.507695 -0.707042 0.492278
vn -0.507695 -0.707042 0.492278
vn 0.507599 -0.707176 -0.492184
vn 0.274708 -0.923897 -0.266365
vn 0.274728 -0.923885 -0.266384
vn 0.663259 -0.382736 -0.643118
vn 0.663251 -0.382763 -0.64311
vn 0.274728 -0.923885 -0.266384
vn -0.274605 -0.923907 -0.266438
vn -0.663127 -0.382844 -0.643189
vn -0.663131 -0.38283 -0.643194
vn -0.274606 -0.923906 -0.266439
vn -0.274605 -0.923907 -0.266438
vn -0.663131 -0.38283 -0.643194
vn 0.619485 -0.5053 0.600758
vn 0.50772 -0.706981 0.492339
vn 0.507721 -0.70698 0.49234
vn 0.507722 -0.706979 0.492341
vn 0.619485 -0.5053 0.600758
vn 0.507721 -0.70698 0.49234
vn -0.507641 -0.707117 0.492226
vn -0.507646 -0.70711 0.49223
vn -0.507641 -0.707117 0.492226
vn -0.507636 -0.707124 0.492221
vn -0.507641 -0.707117 0.492226
vn -0.507641 -0.707117 0.492226
vn 0.66326 -0.382735 -0.643117
vn 0.274748 -0.923874 -0.266403
vn 0.274748 -0.923874 -0.266404
vn 0.66326 -0.382736 -0.643117
vn 0.66326 -0.382735 -0.643117
vn 0.274748 -0.923874 -0.266404
vn -0.507699 -0.707038 0.492281
vn -0.507694 -0.707045 0.492276
vn -0.507699 -0.707038 0.492281
vn -0.507704 -0.70703 0.492286
vn -0.507699 -0.707038 0.492281
vn -0.6195 -0.505368 0.600686
vn 0.362821 -0.862901 -0.3518
vn 0.663262 -0.382734 -0.643116
vn 0.619426 -0.505548 -0.600611
vn 0.274665 -0.923922 -0.266321
vn 0.362821 -0.862901 -0.3518
vn 0.507585 -0.707199 -0.492167
vn -0.619292 -0.505624 -0.600685
vn -0.27459 -0.923915 -0.266422
vn -0.362684 -0.862936 -0.351854
vn -0.507406 -0.707305 -0.492198
vn -0.507451 -0.707243 -0.49224
vn -0.362684 -0.862936 -0.351854
vn 0.507716 -0.706988 0.492335
vn 0.50766 -0.707064 0.492282
vn 0.507716 -0.706988 0.492335
vn 0.663282 -0.382477 0.643249
vn 0.663269 -0.382516 0.643238
vn 0.507716 -0.706988 0.492335
vn -0.274607 -0.923905 -0.26644
vn -0.663129 -0.38284 -0.64319
vn -0.663133 -0.382827 -0.643194
vn -0.274607 -0.923905 -0.26644
vn -0.274607 -0.923905 -0.26644
vn -0.663133 -0.382827 -0.643194
vn 0.66327 -0.382515 0.643238
vn 0.507774 -0.706908 0.492388
vn 0.507716 -0.706988 0.492334
vn 0.507659 -0.707067 0.492279
vn 0.507716 -0.706988 0.492334
vn 0.507716 -0.706988 0.492334
vn 0.717923 -7.45684e-05 -0.696122
vn 0.717923 -7.1331e-05 -0.696122
vn 0.694607 -0.252786 -0.673514
vn 0.663259 -0.382736 -0.643118
vn 0.717923 -7.45684e-05 -0.696122
vn 0.694607 -0.252786 -0.673514
vn -0.717923 0.000136009 0.696122
vn -0.717923 0.000136181 0.696122
vn -0.717923 0.000136009 0.696122
vn -0.717923 0.000135838 0.696122
vn -0.717923 0.000136009 0.696122
vn -0.717923 0.000136009 0.696122
vn 0.71784 0.000191415 0.696208
vn 0.71784 0.000159959 0.696208
vn 0.663271 -0.382512 0.643239
vn 0.717839 0.000222871 0.696209
vn 0.71784 0.000191415 0.696208
vn 0.71784 0.000191415 0.696208
vn -0.717839 -0.000193571 -0.696209
vn -0.717839 -0.000164277 -0.696209
vn -0.663131 -0.38283 -0.643194
vn -0.663127 -0.382844 -0.643189
vn -0.717839 -0.000193571 -0.696209
vn -0.663131 -0.38283 -0.643194
vn 0.717924 -7.45684e-05 -0.696122
vn 0.717924 -7.13308e-05 -0.696122
vn 0.66326 -0.382735 -0.643117
vn 0.66326 -0.382736 -0.643117
vn 0.717924 -7.45684e-05 -0.696122
vn 0.66326 -0.382735 -0.643117
vn -0.717924 0.000131412 0.696122
vn -0.717924 0.000134019 0.696122
vn -0.717924 0.000131412 0.696122
vn -0.717924 0.000128804 0.696122
vn -0.717924 0.000131412 0.696122
vn -0.717924 0.000131412 0.696122
vn -5.92943e-05 1 0.000151919
vn -9.33164e-05 1 0.00019762
vn -6.08129e-05 1 0.000205831
vn -6.10036e-05 1 0.000122391
vn -5.92943e-05 1 0.000151919
vn -6.08129e-05 1 0.000205831
vn -6.28974e-05 1 0.000162716
vn -6.10036e-05 1 0.000122391
vn -6.08129e-05 1 0.000205831
vn -2.84952e-05 1 0.000190321
vn -6.28974e-05 1 0.000162716
vn -6.08129e-05 1 0.000205831
vn -0.371164 0.430697 -0.822641
vn -0.248023 0.797463 -0.550034
vn -0.288359 0.711836 -0.64042
vn 0.609576 0.478536 -0.631997
vn 0.609554 0.478582 -0.631984
vn 0.609576 0.478536 -0.631997
vn 0.609599 0.478489 -0.632011
vn 0.609576 0.478536 -0.631997
vn 0.609576 0.478536 -0.631997
vn -0.609558 0.478461 -0.632072
vn -0.60958 0.478415 -0.632085
vn -0.609558 0.478461 -0.632072
vn -0.609535 0.478507 -0.632058
vn -0.609558 0.478461 -0.632072
vn -0.609558 0.478461 -0.632072
vn 0.923877 0.0001029 -0.382689
vn 0.922036 0.159043 -0.352924
vn 0.980785 8.36868e-05 -0.195091
vn 0.706995 0.707219 0.000173446
vn 0.980758 0.195227 4.79398e-05
vn 0.960355 0.232842 -0.153306
vn 0.922036 0.159043 -0.352924
vn 0.960355 0.232842 -0.153306
vn 0.980785 8.36868e-05 -0.195091
vn 0.960355 0.232842 -0.153306
vn 0.980758 0.195227 4.79398e-05
vn 0.980785 8.36868e-05 -0.195091
vn 0.980758 0.195227 4.79398e-05
vn 0.706995 0.707219 0.000173446
vn 0.858617 0.494814 0.133929
vn 0.972673 0.127794 0.193845
vn 0.980758 0.195227 4.79398e-05
vn 0.92205 0.352953 0.1589
vn 0.972673 0.127794 0.193845
vn 0.851393 0.480719 0.209858
vn 0.823476 0.263838 0.502272
vn 0.972673 0.127794 0.193845
vn 0.916024 0.211489 0.34084
vn 0.923886 9.71016e-06 0.382669
vn 0.980786 3.61716e-05 0.195087
vn 0.972673 0.127794 0.193845
vn 0.923886 9.71016e-06 0.382669
vn 0.980758 0.195227 4.79398e-05
vn 1 6.11908e-05 -7.82318e-07
vn 0.980785 8.36868e-05 -0.195091
vn 1 6.11908e-05 -7.82318e-07
vn 0.980758 0.195227 4.79398e-05
vn 0.972673 0.127794 0.193845
vn 0.980786 3.61716e-05 0.195087
vn 1 6.11908e-05 -7.82318e-07
vn 0.972673 0.127794 0.193845
vn 0.835842 0.522289 -0.169064
vn 0.762965 0.64644 0.000158031
vn 0.960355 0.232842 -0.153306
vn 0.960355 0.232842 -0.153306
vn 0.851382 0.209973 -0.480686
vn 0.823399 0.502407 -0.263818
vn 0.922036 0.159043 -0.352924
vn 0.924838 0.269077 -0.268834
vn 0.915964 0.341003 -0.211486
vn 0.92205 0.352953 0.1589
vn 0.92494 0.268721 0.268842
vn 0.916024 0.211489 0.34084
vn 6.1e-05 0.000122245 -1
vn -0.259396 0.000102214 -0.965771
vn -0.127625 0.194058 -0.972653
vn -0.494617 0.134011 -0.858717
vn -0.127625 0.194058 -0.972653
vn -0.259396 0.000102214 -0.965771
vn -0.706956 4.32773e-05 -0.707258
vn -0.494617 0.134011 -0.858717
vn -0.259396 0.000102214 -0.965771
vn 2.8776e-05 0.234159 -0.972198
vn 6.1e-05 0.000122245 -1
vn -0.127625 0.194058 -0.972653
vn 2.8776e-05 0.234159 -0.972198
vn -0.127625 0.194058 -0.972653
vn 2.43216e-05 0.646496 -0.762917
vn 2.8776e-05 0.234159 -0.972198
vn 2.43216e-05 0.646496 -0.762917
vn 0.158783 0.353182 -0.921982
vn 0.193801 0.128017 -0.972652
vn 2.8776e-05 0.234159 -0.972198
vn 0.158783 0.353182 -0.921982
vn 6.1e-05 0.000122245 -1
vn 2.8776e-05 0.234159 -0.972198
vn 0.193801 0.128017 -0.972652
vn 0.193801 0.128017 -0.972652
vn 0.209679 0.480951 -0.851305
vn 0.502188 0.264181 -0.823417
vn 0.193801 0.128017 -0.972652
vn 0.340785 0.211804 -0.915972
vn 0.382672 0.000136245 -0.923885
vn 0.195085 0.000131808 -0.980786
vn 0.193801 0.128017 -0.972652
vn 0.382672 0.000136245 -0.923884
vn 0.195085 0.000131808 -0.980786
vn 6.1e-05 0.000122245 -1
vn 0.193801 0.128017 -0.972652
vn -0.127625 0.194058 -0.972653
vn -0.169028 0.522313 -0.835834
vn 2.43216e-05 0.646496 -0.762917
vn -0.127625 0.194058 -0.972653
vn -0.480543 0.20995 -0.851469
vn -0.26377 0.502412 -0.823412
vn -0.352766 0.159033 -0.922098
vn -0.268604 0.268975 -0.924935
vn -0.21138 0.341013 -0.915985
vn 0.158783 0.353182 -0.921982
vn 0.268795 0.269081 -0.924848
vn 0.340785 0.211804 -0.915972
vn 0.382619 -8.97353e-05 0.923906
vn 0.352878 0.158629 0.922125
vn 0.195072 -0.000107712 0.980789
vn -6.86628e-05 0.382424 0.923987
vn -7.51003e-05 0.166896 0.985974
vn 0.15333 0.232439 0.960449
vn 0.352878 0.158629 0.922125
vn 0.15333 0.232439 0.960449
vn 0.195072 -0.000107712 0.980789
vn 0.15333 0.232439 0.960449
vn -7.51003e-05 0.166896 0.985974
vn 0.195072 -0.000107712 0.980789
vn -6.86628e-05 0.382424 0.923987
vn -0.158913 0.3527 0.922144
vn -7.51003e-05 0.166896 0.985974
vn -0.158913 0.3527 0.922144
vn -0.23275 0.15312 0.960407
vn -7.51003e-05 0.166896 0.985975
vn -0.23275 0.15312 0.960407
vn -0.209829 0.480493 0.851527
vn -0.502272 0.263755 0.823503
vn -0.23275 0.15312 0.960407
vn -0.522142 0.168957 0.835955
vn -0.603755 -0.000134842 0.79717
vn -7.51003e-05 0.166896 0.985974
vn -0.23275 0.15312 0.960407
vn -0.129899 -0.000129646 0.991527
vn -0.129899 -0.000129646 0.991527
vn -0.23275 0.15312 0.960407
vn -0.603755 -0.000134842 0.79717
vn -7.51003e-05 0.166896 0.985974
vn -6.09499e-05 -0.000121907 1
vn 0.195072 -0.000107712 0.980789
vn -6.09499e-05 -0.000121907 1
vn -7.51003e-05 0.166896 0.985974
vn -0.129899 -0.000129646 0.991527
vn 0.15333 0.232439 0.960449
vn 0.480669 0.209559 0.851494
vn 0.263835 0.502031 0.823624
vn 0.211468 0.340595 0.91612
vn -6.86628e-05 0.382424 0.923987
vn 0.15333 0.232439 0.960449
vn 0.352878 0.158629 0.922125
vn 0.268702 0.268564 0.925026
vn 0.211468 0.340595 0.91612
vn -0.158913 0.3527 0.922144
vn -0.26891 0.268613 0.924951
vn -0.340866 0.211317 0.916054
vn 0.274612 0.923987 -0.266152
vn -0.000117286 1 0.000242144
vn 0.362734 0.863017 -0.351605
vn -0.690648 0.100604 0.716159
vn -0.690651 0.100579 0.71616
vn -0.690648 0.100604 0.716159
vn -0.690645 0.100628 0.716159
vn -0.690648 0.100604 0.716159
vn -0.690648 0.100604 0.716159
vn 0.690548 0.100687 0.716244
vn 0.690545 0.100713 0.716243
vn 0.690548 0.100687 0.716244
vn 0.690552 0.100662 0.716244
vn 0.690548 0.100687 0.716244
vn 0.690548 0.100687 0.716244
vn -0.274629 0.923989 -0.266126
vn -4.69475e-06 1 0.000240295
vn -0.362775 0.862989 -0.351631
vn -6.72331e-05 1 0.00017018
vn -5.58173e-05 1 0.000160774
vn -6.10115e-05 1 0.00014772
vn -6.72331e-05 1 0.00017018
vn -4.54941e-05 1 0.000161594
vn -5.58173e-05 1 0.000160774
vn -4.54941e-05 1 0.000161594
vn -6.72331e-05 1 0.00017018
vn -6.07481e-05 1 0.000180235
vn -6.72331e-05 1 0.00017018
vn -6.10115e-05 1 0.00014772
vn -6.07481e-05 1 0.000180235
vn -6.10114e-05 1 0.00014772
vn -5.58173e-05 1 0.000160774
vn -6.07481e-05 1 0.000180235
vn -4.54941e-05 1 0.000161594
vn -8.37278e-05 1 0.000180545
vn -5.58173e-05 1 0.000160774
vn -5.58173e-05 1 0.000160774
vn -8.37278e-05 1 0.000180545
vn -6.07481e-05 1 0.000180235
vn 0.268742 -0.924952 0.268778
vn 0.158805 -0.92207 0.352943
vn 0.340788 -0.916031 0.211545
vn -0.000122035 -0.000183751 1
vn -0.000122031 -0.000183526 1
vn -6.09962e-05 -0.000183747 1
vn -6.09962e-05 -0.000183973 1
vn -0.000122035 -0.000183751 1
vn -6.09962e-05 -0.000183747 1
vn 4.25369e-08 -0.000183744 1
vn -6.09962e-05 -0.000183973 1
vn -6.09962e-05 -0.000183747 1
vn 3.85044e-08 -0.000183518 1
vn 4.25369e-08 -0.000183744 1
vn -6.09962e-05 -0.000183747 1
vn 0.371261 -0.430503 -0.822698
vn 0.371261 -0.430503 -0.822698
vn 0.371261 -0.430503 -0.822698
vn 0.358964 -0.862829 0.355909
vn 0.271805 -0.923858 0.269459
vn 0.00012253 -1 -2.35345e-06
vn -0.371117 -0.430544 -0.822742
vn -0.371117 -0.430544 -0.822742
vn -0.371117 -0.430544 -0.822742
vt 0.060469 0.297525
vt 0.245802 0.110756
vt 0.060469 0.110756
vt 0.990974 0.177758
vt 0.856786 0.053304
vt 0.856786 0.05034
vt 0.990974 0.175132
vt 0.990974 0.177758
vt 0.856786 0.05034
vt 0.856774 0.086831
vt 0.990962 0.210424
vt 0.990962 0.213148
vt 0.856774 0.089589
vt 0.856774 0.086831
vt 0.990962 0.213148
vt 0.707109 0.606717
vt 0.839725 0.480127
vt 0.839724 0.482826
vt 0.707108 0.609317
vt 0.707109 0.606717
vt 0.839724 0.482826
vt 0.839726 0.446206
vt 0.707109 0.573905
vt 0.70711 0.571315
vt 0.839727 0.443373
vt 0.839726 0.446206
vt 0.70711 0.571315
vt 0.707101 0.752407
vt 0.839718 0.624597
vt 0.839717 0.627198
vt 0.7071 0.755175
vt 0.707101 0.752407
vt 0.839717 0.627198
vt 0.839719 0.591808
vt 0.707102 0.718345
vt 0.707103 0.715615
vt 0.83972 0.589218
vt 0.839719 0.591808
vt 0.707103 0.715615
vt 0.85675 0.158792
vt 0.856762 0.126483
vt 0.99095 0.249321
vt 0.990937 0.281459
vt 0.85675 0.158792
vt 0.99095 0.249321
vt 0.839722 0.51992
vt 0.839721 0.553106
vt 0.707105 0.678669
vt 0.707106 0.645528
vt 0.839722 0.51992
vt 0.707105 0.678669
vt 0.856725 0.229788
vt 0.856738 0.197821
vt 0.990925 0.321357
vt 0.990912 0.35448
vt 0.856725 0.229788
vt 0.990925 0.321357
vt 0.856774 0.086831
vt 0.856786 0.053304
vt 0.990974 0.177758
vt 0.990962 0.210424
vt 0.856774 0.086831
vt 0.990974 0.177758
vt 0.839726 0.446206
vt 0.839725 0.480127
vt 0.707109 0.606717
vt 0.707109 0.573905
vt 0.839726 0.446206
vt 0.707109 0.606717
vt 0.839719 0.591808
vt 0.839718 0.624597
vt 0.707101 0.752407
vt 0.707102 0.718345
vt 0.839719 0.591808
vt 0.707101 0.752407
vt 0.990925 0.316514
vt 0.856738 0.19319
vt 0.85675 0.163211
vt 0.990937 0.285956
vt 0.990925 0.316514
vt 0.85675 0.163211
vt 0.99095 0.244931
vt 0.856763 0.121902
vt 0.856774 0.091599
vt 0.990961 0.215127
vt 0.99095 0.244931
vt 0.856774 0.091599
vt 0.707108 0.61126
vt 0.839724 0.484825
vt 0.839723 0.515228
vt 0.707107 0.64092
vt 0.707108 0.61126
vt 0.839723 0.515228
vt 0.707104 0.683335
vt 0.83972 0.557706
vt 0.83972 0.587282
vt 0.707104 0.713613
vt 0.707104 0.683335
vt 0.83972 0.587282
vt 0.856725 0.234288
vt 0.990912 0.359235
vt 0.990885 0.430388
vt 0.856698 0.302661
vt 0.856725 0.234288
vt 0.990885 0.430388
vt 0.839717 0.629163
vt 0.839716 0.698772
vt 0.707097 0.830502
vt 0.7071 0.757249
vt 0.839717 0.629163
vt 0.707097 0.830502
vt 0.454819 0.110756
vt 0.640788 0.298404
vt 0.640788 0.299737
vt 0.453438 0.110756
vt 0.454819 0.110756
vt 0.640788 0.299737
vt 0.444498 0.110756
vt 0.640788 0.308699
vt 0.640788 0.310032
vt 0.443101 0.110756
vt 0.444498 0.110756
vt 0.640788 0.310032
vt 0.640788 0.311026
vt 0.640788 0.39549
vt 0.4666 0.22318
vt 0.442095 0.110756
vt 0.640788 0.311026
vt 0.4666 0.22318
vt 0.408998 0.167402
vt 0.442095 0.110756
vt 0.4666 0.22318
vt 0.408998 0.167402
vt 0.351079 0.110756
vt 0.442095 0.110756
vt 0.408998 0.167402
vt 0.4666 0.22318
vt 0.292657 0.167343
vt 0.4666 0.22318
vt 0.234991 0.22313
vt 0.292657 0.167343
vt 0.259539 0.110756
vt 0.292657 0.167343
vt 0.234991 0.22313
vt 0.060469 0.311163
vt 0.259539 0.110756
vt 0.234991 0.22313
vt 0.060469 0.395792
vt 0.060469 0.311163
vt 0.234991 0.22313
vt 0.350719 0.110756
vt 0.292657 0.167343
vt 0.259539 0.110756
vt 0.042621 0.745071
vt 0.440407 0.744932
vt 0.440411 0.755757
vt 0.042625 0.755896
vt 0.042621 0.745071
vt 0.440411 0.755757
vt 0.463556 0.74692
vt 0.660043 0.745933
vt 0.660097 0.756704
vt 0.463611 0.757692
vt 0.463556 0.74692
vt 0.660097 0.756704
vt 0.018839 0.870347
vt 0.276599 0.870259
vt 0.276602 0.881159
vt 0.018842 0.881246
vt 0.018839 0.870347
vt 0.276602 0.881159
vt 0.293787 0.885972
vt 0.293788 0.884746
vt 0.457193 0.884892
vt 0.457192 0.886117
vt 0.293787 0.885972
vt 0.457193 0.884892
vt 0.007355 0.856455
vt 0.007353 0.855227
vt 0.288047 0.854785
vt 0.288049 0.856013
vt 0.007355 0.856455
vt 0.288047 0.854785
vt 0.023113 0.736807
vt 0.007353 0.728815
vt 0.451797 0.728908
vt 0.44603 0.73754
vt 0.023113 0.736807
vt 0.451797 0.728908
vt 0.300778 0.893712
vt 0.293787 0.885972
vt 0.457192 0.886117
vt 0.45076 0.89433
vt 0.300778 0.893712
vt 0.457192 0.886117
vt 0.013805 0.86468
vt 0.007355 0.856455
vt 0.288049 0.856013
vt 0.282617 0.863507
vt 0.013805 0.86468
vt 0.288049 0.856013
vt 0.463642 0.737956
vt 0.463716 0.728809
vt 0.694687 0.728892
vt 0.679207 0.737229
vt 0.463642 0.737956
vt 0.694687 0.728892
vt 0.666018 0.774495
vt 0.463582 0.773422
vt 0.463556 0.770168
vt 0.660043 0.771154
vt 0.666018 0.774495
vt 0.463556 0.770168
vt 0.016868 0.897556
vt 0.278856 0.897378
vt 0.276564 0.900309
vt 0.018804 0.90022
vt 0.016868 0.897556
vt 0.276564 0.900309
vt 0.302953 0.867103
vt 0.445863 0.867342
vt 0.44337 0.870093
vt 0.305238 0.87003
vt 0.302953 0.867103
vt 0.44337 0.870093
vt 0.016692 0.773658
vt 0.422794 0.774028
vt 0.416529 0.776871
vt 0.018743 0.776732
vt 0.016692 0.773658
vt 0.416529 0.776871
vt 0.679207 0.779859
vt 0.463641 0.779132
vt 0.463582 0.773422
vt 0.666018 0.774495
vt 0.679207 0.779859
vt 0.463582 0.773422
vt 0.012785 0.893468
vt 0.281598 0.894641
vt 0.278856 0.897378
vt 0.016868 0.897556
vt 0.012785 0.893468
vt 0.278856 0.897378
vt 0.30022 0.864368
vt 0.450202 0.863751
vt 0.445863 0.867342
vt 0.302953 0.867103
vt 0.30022 0.864368
vt 0.445863 0.867342
vt 0.422794 0.774028
vt 0.016692 0.773658
vt 0.01312 0.76934
vt 0.436037 0.768607
vt 0.422794 0.774028
vt 0.01312 0.76934
vt 0.44337 0.870093
vt 0.443366 0.880971
vt 0.305234 0.880907
vt 0.305238 0.87003
vt 0.44337 0.870093
vt 0.305234 0.880907
vt 0.416529 0.776871
vt 0.416525 0.787696
vt 0.018739 0.787557
vt 0.018743 0.776732
vt 0.416529 0.776871
vt 0.018739 0.787557
vt 0.463556 0.770168
vt 0.463611 0.759396
vt 0.660097 0.760383
vt 0.660043 0.771154
vt 0.463556 0.770168
vt 0.660097 0.760383
vt 0.276564 0.900309
vt 0.27656 0.911207
vt 0.018801 0.91112
vt 0.018804 0.90022
vt 0.276564 0.900309
vt 0.018801 0.91112
vt 0.457193 0.856011
vt 0.293788 0.856156
vt 0.293787 0.85493
vt 0.457192 0.854785
vt 0.457193 0.856011
vt 0.293787 0.85493
vt 0.451797 0.760615
vt 0.007354 0.760708
vt 0.007353 0.759489
vt 0.451797 0.759396
vt 0.451797 0.760615
vt 0.007353 0.759489
vt 0.463716 0.788278
vt 0.694687 0.788196
vt 0.694687 0.789409
vt 0.463717 0.789492
vt 0.463716 0.788278
vt 0.694687 0.789409
vt 0.288047 0.886416
vt 0.007353 0.885974
vt 0.007355 0.884746
vt 0.288049 0.885188
vt 0.288047 0.886416
vt 0.007355 0.884746
vt 0.436037 0.768607
vt 0.01312 0.76934
vt 0.007354 0.760708
vt 0.451797 0.760615
vt 0.436037 0.768607
vt 0.007354 0.760708
vt 0.450202 0.863751
vt 0.30022 0.864368
vt 0.293788 0.856156
vt 0.457193 0.856011
vt 0.450202 0.863751
vt 0.293788 0.856156
vt 0.281598 0.894641
vt 0.012785 0.893468
vt 0.007353 0.885974
vt 0.288047 0.886416
vt 0.281598 0.894641
vt 0.007353 0.885974
vt 0.463641 0.779132
vt 0.679207 0.779859
vt 0.694687 0.788196
vt 0.463716 0.788278
vt 0.463641 0.779132
vt 0.694687 0.788196
vt 0.870381 0.02876
vt 0.870381 0.03713
vt 0.654068 0.037043
vt 0.654068 0.02876
vt 0.870381 0.02876
vt 0.654068 0.037043
vt 0.654068 0.037467
vt 0.654068 0.037077
vt 0.654068 0.037043
vt 0.654068 0.037467
vt 0.654068 0.037467
vt 0.654068 0.037043
vt 0.654068 0.037043
vt 0.870381 0.03713
vt 0.654068 0.037467
vt 0.870381 0.03713
vt 0.870381 0.037467
vt 0.654068 0.037467
vt 0.486511 0.02876
vt 0.654068 0.02876
vt 0.654068 0.037077
vt 0.486511 0.037185
vt 0.486511 0.02876
vt 0.654068 0.037077
vt 0.486511 0.02876
vt 0.486511 0.037185
vt 0.333579 0.03718
vt 0.333579 0.02876
vt 0.486511 0.02876
vt 0.333579 0.03718
vt 0.333579 0.02876
vt 0.333579 0.03718
vt 0.198345 0.037065
vt 0.198324 0.02876
vt 0.333579 0.02876
vt 0.198345 0.037065
vt 0.003265 0.02876
vt 0.198324 0.02876
vt 0.198324 0.037031
vt 0.003265 0.037123
vt 0.003265 0.02876
vt 0.198324 0.037031
vt 0.003265 0.037467
vt 0.003265 0.037123
vt 0.198324 0.037031
vt 0.198324 0.037467
vt 0.003265 0.037467
vt 0.198324 0.037031
vt 0.198324 0.037031
vt 0.198345 0.037065
vt 0.198324 0.037467
vt 0.198345 0.037065
vt 0.198324 0.037467
vt 0.198324 0.037467
vt 0.66346 0.696532
vt 0.662557 0.696531
vt 0.662558 0.695071
vt 0.66402 0.69507
vt 0.66346 0.696532
vt 0.662558 0.695071
vt 0.662558 0.695071
vt 0.662825 0.406701
vt 0.66402 0.69507
vt 0.662825 0.406701
vt 0.664284 0.406703
vt 0.66402 0.69507
vt 0.664284 0.406703
vt 0.662825 0.406701
vt 0.663145 0.073602
vt 0.664592 0.073606
vt 0.664284 0.406703
vt 0.663145 0.073602
vt 0.664592 0.073606
vt 0.663145 0.073602
vt 0.664036 0.072143
vt 0.664592 0.073606
vt 0.664036 0.072143
vt 0.692378 0.072169
vt 0.692377 0.073631
vt 0.664592 0.073606
vt 0.692378 0.072169
vt 0.664284 0.406703
vt 0.664592 0.073606
vt 0.692377 0.073631
vt 0.664284 0.406703
vt 0.692068 0.406728
vt 0.66402 0.69507
vt 0.692068 0.406728
vt 0.664284 0.406703
vt 0.692377 0.073631
vt 0.66346 0.696532
vt 0.66402 0.69507
vt 0.691803 0.695096
vt 0.692068 0.406728
vt 0.691803 0.695096
vt 0.66402 0.69507
vt 0.691801 0.696558
vt 0.66346 0.696532
vt 0.691803 0.695096
vt 0.663145 0.073602
vt 0.663136 0.072142
vt 0.664036 0.072143
vt 0.467758 0.2268
vt 0.467626 0.227011
vt 0.233973 0.227013
vt 0.233839 0.2268
vt 0.467758 0.2268
vt 0.233973 0.227013
vt 0.467626 0.227011
vt 0.467943 0.226987
vt 0.637868 0.399326
vt 0.637875 0.399632
vt 0.467626 0.227011
vt 0.637868 0.399326
vt 0.661096 0.695067
vt 0.350337 0.69478
vt 0.480067 0.664051
vt 0.630276 0.664189
vt 0.661096 0.695067
vt 0.480067 0.664051
vt 0.661362 0.4067
vt 0.661096 0.695067
vt 0.630276 0.664189
vt 0.630513 0.406668
vt 0.637875 0.399632
vt 0.661362 0.4067
vt 0.630513 0.406668
vt 0.661362 0.4067
vt 0.630276 0.664189
vt 0.637875 0.399632
vt 0.630513 0.406668
vt 0.480446 0.253519
vt 0.467626 0.227011
vt 0.637875 0.399632
vt 0.480446 0.253519
vt 0.480446 0.253519
vt 0.480067 0.664051
vt 0.350337 0.69478
vt 0.467626 0.227011
vt 0.480446 0.253519
vt 0.221099 0.253263
vt 0.221099 0.253263
vt 0.480446 0.253519
vt 0.350337 0.69478
vt 0.233973 0.227013
vt 0.467626 0.227011
vt 0.221099 0.253263
vt 0.063382 0.399076
vt 0.233973 0.227013
vt 0.221099 0.253263
vt 0.233651 0.22699
vt 0.233973 0.227013
vt 0.063382 0.399076
vt 0.06339 0.39876
vt 0.233651 0.22699
vt 0.063382 0.399076
vt 0.07073 0.406116
vt 0.063382 0.399076
vt 0.221099 0.253263
vt 0.063382 0.399076
vt 0.07073 0.406116
vt 0.039881 0.406088
vt 0.039881 0.406088
vt 0.07073 0.406116
vt 0.07046 0.663638
vt 0.039578 0.694455
vt 0.039881 0.406088
vt 0.07046 0.663638
vt 0.220669 0.663795
vt 0.221099 0.253263
vt 0.350337 0.69478
vt 0.039578 0.694455
vt 0.07046 0.663638
vt 0.220669 0.663795
vt 0.350337 0.69478
vt 0.039578 0.694455
vt 0.220669 0.663795
vt 0.056139 0.39579
vt 0.063382 0.399076
vt 0.039881 0.406088
vt 0.038741 0.07299
vt 0.038767 0.071527
vt 0.040202 0.071531
vt 0.040175 0.072991
vt 0.038741 0.07299
vt 0.040202 0.071531
vt 0.039881 0.406088
vt 0.040175 0.072991
vt 0.056139 0.39579
vt 0.040175 0.072991
vt 0.039881 0.406088
vt 0.038741 0.07299
vt 0.040202 0.071531
vt 0.350951 0.071844
vt 0.040175 0.072991
vt 0.350951 0.071844
vt 0.35095 0.073306
vt 0.040175 0.072991
vt 0.350951 0.071844
vt 0.661688 0.072143
vt 0.35095 0.073306
vt 0.661688 0.072143
vt 0.661698 0.073603
vt 0.35095 0.073306
vt 0.661698 0.073603
vt 0.661688 0.072143
vt 0.663145 0.073602
vt 0.662825 0.406701
vt 0.661362 0.4067
vt 0.661698 0.073603
vt 0.663145 0.073602
vt 0.662825 0.406701
vt 0.661698 0.073603
vt 0.661362 0.4067
vt 0.662825 0.406701
vt 0.662558 0.695071
vt 0.661096 0.695067
vt 0.661362 0.4067
vt 0.662558 0.695071
vt 0.661096 0.695067
vt 0.662558 0.695071
vt 0.661097 0.696529
vt 0.661096 0.695067
vt 0.661097 0.696529
vt 0.350336 0.696242
vt 0.350337 0.69478
vt 0.661096 0.695067
vt 0.350336 0.696242
vt 0.039578 0.694455
vt 0.350337 0.69478
vt 0.039575 0.69592
vt 0.350337 0.69478
vt 0.350336 0.696242
vt 0.039575 0.69592
vt 0.039578 0.694455
vt 0.039575 0.69592
vt 0.038114 0.694456
vt 0.038419 0.406086
vt 0.039881 0.406088
vt 0.039578 0.694455
vt 0.039881 0.406088
vt 0.038419 0.406086
vt 0.038741 0.07299
vt 0.038114 0.694456
vt 0.038419 0.406086
vt 0.039578 0.694455
vt 0.662558 0.695071
vt 0.662557 0.696531
vt 0.661097 0.696529
vt 0.661688 0.072143
vt 0.663136 0.072142
vt 0.663145 0.073602
vt 0.039575 0.69592
vt 0.038115 0.695915
vt 0.038114 0.694456
vt 0.35095 0.073306
vt 0.661698 0.073603
vt 0.645149 0.102775
vt 0.645149 0.102775
vt 0.661698 0.073603
vt 0.645119 0.396365
vt 0.637875 0.399632
vt 0.645119 0.396365
vt 0.661362 0.4067
vt 0.661698 0.073603
vt 0.661362 0.4067
vt 0.645119 0.396365
vt 0.040175 0.072991
vt 0.056118 0.102192
vt 0.056139 0.39579
vt 0.040175 0.072991
vt 0.35095 0.073306
vt 0.056118 0.102192
vt 0.350921 0.10249
vt 0.35095 0.073306
vt 0.645149 0.102775
vt 0.35095 0.073306
vt 0.350921 0.10249
vt 0.056118 0.102192
vt 0.350921 0.10249
vt 0.645149 0.102775
vt 0.350921 0.102922
vt 0.645149 0.102775
vt 0.644765 0.10322
vt 0.350921 0.102922
vt 0.350915 0.106233
vt 0.350921 0.102922
vt 0.644765 0.10322
vt 0.64131 0.10651
vt 0.350915 0.106233
vt 0.644765 0.10322
vt 0.350921 0.102922
vt 0.350915 0.106233
vt 0.056512 0.102647
vt 0.350921 0.10249
vt 0.350921 0.102922
vt 0.056512 0.102647
vt 0.350915 0.106233
vt 0.060215 0.105938
vt 0.056512 0.102647
vt 0.05636 0.102409
vt 0.350921 0.10249
vt 0.056512 0.102647
vt 0.856738 0.595275
vt 0.856738 0.593304
vt 0.990925 0.716628
vt 0.990925 0.718662
vt 0.856738 0.595275
vt 0.990925 0.716628
vt 0.856774 0.491713
vt 0.856774 0.489703
vt 0.990962 0.613262
vt 0.990961 0.615241
vt 0.856774 0.491713
vt 0.990962 0.613262
vt 0.990974 0.573279
vt 0.990974 0.575246
vt 0.856786 0.450454
vt 0.858141 0.449663
vt 0.990974 0.573279
vt 0.856786 0.450454
vt 0.70711 0.175964
vt 0.707111 0.173998
vt 0.838388 0.047287
vt 0.839727 0.048022
vt 0.70711 0.175964
vt 0.838388 0.047287
vt 0.839724 0.087475
vt 0.839724 0.089475
vt 0.707108 0.215909
vt 0.707108 0.213967
vt 0.839724 0.087475
vt 0.707108 0.215909
vt 0.83972 0.191931
vt 0.83972 0.193867
vt 0.707103 0.320264
vt 0.707104 0.318263
vt 0.83972 0.191931
vt 0.707103 0.320264
vt 0.839717 0.231848
vt 0.839717 0.233812
vt 0.7071 0.361899
vt 0.7071 0.359824
vt 0.839717 0.231848
vt 0.7071 0.361899
vt 0.99095 0.649435
vt 0.856762 0.526597
vt 0.856762 0.523988
vt 0.99095 0.646961
vt 0.99095 0.649435
vt 0.856762 0.523988
vt 0.85675 0.558906
vt 0.990937 0.681573
vt 0.990937 0.684105
vt 0.85675 0.561396
vt 0.85675 0.558906
vt 0.990937 0.684105
vt 0.707105 0.283319
vt 0.839721 0.157756
vt 0.83972 0.160405
vt 0.707104 0.285996
vt 0.707105 0.283319
vt 0.83972 0.160405
vt 0.839722 0.12457
vt 0.707106 0.250177
vt 0.707107 0.247524
vt 0.839723 0.121875
vt 0.839722 0.12457
vt 0.707107 0.247524
vt 0.990925 0.721471
vt 0.856738 0.597935
vt 0.856738 0.595275
vt 0.990925 0.718662
vt 0.990925 0.721471
vt 0.856738 0.595275
vt 0.856725 0.629902
vt 0.990912 0.754594
vt 0.990912 0.757324
vt 0.856725 0.632469
vt 0.856725 0.629902
vt 0.990912 0.757324
vt 0.990974 0.577872
vt 0.856786 0.453417
vt 0.856786 0.450454
vt 0.990974 0.575246
vt 0.990974 0.577872
vt 0.856786 0.450454
vt 0.856774 0.486945
vt 0.990962 0.610538
vt 0.990962 0.613262
vt 0.856774 0.489703
vt 0.856774 0.486945
vt 0.990962 0.613262
vt 0.707109 0.211367
vt 0.839725 0.084776
vt 0.839724 0.087475
vt 0.707108 0.213967
vt 0.707109 0.211367
vt 0.839724 0.087475
vt 0.839726 0.050856
vt 0.707109 0.178554
vt 0.70711 0.175964
vt 0.839727 0.048022
vt 0.839726 0.050856
vt 0.70711 0.175964
vt 0.707101 0.357057
vt 0.839718 0.229247
vt 0.839717 0.231848
vt 0.7071 0.359824
vt 0.707101 0.357057
vt 0.839717 0.231848
vt 0.839719 0.196458
vt 0.707102 0.322995
vt 0.707103 0.320264
vt 0.83972 0.193867
vt 0.839719 0.196458
vt 0.707103 0.320264
vt 0.85675 0.558906
vt 0.856762 0.526597
vt 0.99095 0.649435
vt 0.990937 0.681573
vt 0.85675 0.558906
vt 0.99095 0.649435
vt 0.839722 0.12457
vt 0.839721 0.157756
vt 0.707105 0.283319
vt 0.707106 0.250177
vt 0.839722 0.12457
vt 0.707105 0.283319
vt 0.856725 0.629902
vt 0.856738 0.597935
vt 0.990925 0.721471
vt 0.990912 0.754594
vt 0.856725 0.629902
vt 0.990925 0.721471
vt 0.856774 0.486945
vt 0.856786 0.453417
vt 0.990974 0.577872
vt 0.990962 0.610538
vt 0.856774 0.486945
vt 0.990974 0.577872
vt 0.839726 0.050856
vt 0.839725 0.084776
vt 0.707109 0.211367
vt 0.707109 0.178554
vt 0.839726 0.050856
vt 0.707109 0.211367
vt 0.839719 0.196458
vt 0.839718 0.229247
vt 0.707101 0.357057
vt 0.707102 0.322995
vt 0.839719 0.196458
vt 0.707101 0.357057
vt 0.990925 0.716628
vt 0.856738 0.593304
vt 0.85675 0.563325
vt 0.990937 0.686069
vt 0.990925 0.716628
vt 0.85675 0.563325
vt 0.99095 0.645044
vt 0.856763 0.522016
vt 0.856774 0.491713
vt 0.990961 0.615241
vt 0.99095 0.645044
vt 0.856774 0.491713
vt 0.707108 0.215909
vt 0.839724 0.089475
vt 0.839723 0.119877
vt 0.707107 0.245569
vt 0.707108 0.215909
vt 0.839723 0.119877
vt 0.707104 0.287985
vt 0.83972 0.162355
vt 0.83972 0.191931
vt 0.707104 0.318263
vt 0.707104 0.287985
vt 0.83972 0.191931
vt 0.856725 0.634402
vt 0.990912 0.759349
vt 0.990885 0.830502
vt 0.856698 0.702774
vt 0.856725 0.634402
vt 0.990885 0.830502
vt 0.839717 0.233812
vt 0.839716 0.303421
vt 0.707097 0.435152
vt 0.7071 0.361899
vt 0.839717 0.233812
vt 0.707097 0.435152
vt 0.663389 0.69646
vt 0.663948 0.694999
vt 0.662487 0.695
vt 0.662486 0.696459
vt 0.663389 0.69646
vt 0.662487 0.695
vt 0.662753 0.406696
vt 0.662487 0.695
vt 0.663948 0.694999
vt 0.664212 0.406697
vt 0.662753 0.406696
vt 0.663948 0.694999
vt 0.662753 0.406696
vt 0.664212 0.406697
vt 0.663073 0.073673
vt 0.664212 0.406697
vt 0.66452 0.073676
vt 0.663073 0.073673
vt 0.663073 0.073673
vt 0.66452 0.073676
vt 0.663965 0.072214
vt 0.663965 0.072214
vt 0.66452 0.073676
vt 0.6923 0.07224
vt 0.66452 0.073676
vt 0.664212 0.406697
vt 0.692299 0.073702
vt 0.66452 0.073676
vt 0.692299 0.073702
vt 0.6923 0.07224
vt 0.69199 0.406723
vt 0.664212 0.406697
vt 0.663948 0.694999
vt 0.664212 0.406697
vt 0.69199 0.406723
vt 0.692299 0.073702
vt 0.691725 0.695025
vt 0.69199 0.406723
vt 0.663948 0.694999
vt 0.663948 0.694999
vt 0.663389 0.69646
vt 0.691725 0.695025
vt 0.663389 0.69646
vt 0.691723 0.696486
vt 0.691725 0.695025
vt 0.663064 0.072213
vt 0.663073 0.073673
vt 0.663965 0.072214
vt 0.03849 0.406081
vt 0.038812 0.073061
vt 0.037379 0.073063
vt 0.037031 0.406079
vt 0.03849 0.406081
vt 0.037379 0.073063
vt 0.03849 0.406081
vt 0.037031 0.406079
vt 0.038185 0.694385
vt 0.037031 0.406079
vt 0.036727 0.694381
vt 0.038185 0.694385
vt 0.038185 0.694385
vt 0.036727 0.694381
vt 0.037283 0.695843
vt 0.037283 0.695843
vt 0.036727 0.694381
vt 0.008949 0.695814
vt 0.036727 0.694381
vt 0.008951 0.694352
vt 0.008949 0.695814
vt 0.037031 0.406079
vt 0.009253 0.40605
vt 0.036727 0.694381
vt 0.009253 0.40605
vt 0.008951 0.694352
vt 0.036727 0.694381
vt 0.009253 0.40605
vt 0.037031 0.406079
vt 0.009601 0.073026
vt 0.037031 0.406079
vt 0.037379 0.073063
vt 0.009601 0.073026
vt 0.037938 0.071598
vt 0.037379 0.073063
vt 0.038812 0.073061
vt 0.037379 0.073063
vt 0.037938 0.071598
vt 0.009601 0.073026
vt 0.038838 0.071599
vt 0.037938 0.071598
vt 0.038812 0.073061
vt 0.038186 0.695844
vt 0.038185 0.694385
vt 0.037283 0.695843
vt 0.037938 0.071598
vt 0.009602 0.071568
vt 0.009601 0.073026
vt 0.707111 0.569348
vt 0.707113 0.439995
vt 0.838388 0.442638
vt 0.35098 0.042678
vt 0.350953 0.070457
vt 0.661604 0.070755
vt 0.661632 0.042975
vt 0.35098 0.042678
vt 0.661604 0.070755
vt 0.661604 0.070755
vt 0.663065 0.071313
vt 0.661632 0.042975
vt 0.663065 0.071313
vt 0.663093 0.042976
vt 0.661632 0.042975
vt 0.663065 0.071313
vt 0.661604 0.070755
vt 0.661617 0.072214
vt 0.663064 0.072213
vt 0.663065 0.071313
vt 0.661617 0.072214
vt 0.661604 0.070755
vt 0.350953 0.070457
vt 0.350951 0.071915
vt 0.661617 0.072214
vt 0.661604 0.070755
vt 0.350951 0.071915
vt 0.350951 0.071915
vt 0.350953 0.070457
vt 0.040273 0.071603
vt 0.350953 0.070457
vt 0.040303 0.070143
vt 0.040273 0.071603
vt 0.350953 0.070457
vt 0.35098 0.042678
vt 0.040303 0.070143
vt 0.35098 0.042678
vt 0.040328 0.042363
vt 0.040303 0.070143
vt 0.040303 0.070143
vt 0.040328 0.042363
vt 0.038866 0.042361
vt 0.040273 0.071603
vt 0.040303 0.070143
vt 0.038839 0.070698
vt 0.038839 0.070698
vt 0.040303 0.070143
vt 0.038866 0.042361
vt 0.038838 0.071599
vt 0.040273 0.071603
vt 0.038839 0.070698
vt 0.858141 0.049549
vt 0.991021 0.044644
vt 0.990974 0.173165
vt 0.218439 0.00903898
vt 0.218439 0.00556302
vt 0.385116 0.00556302
vt 0.385116 0.00903898
vt 0.218439 0.00903898
vt 0.385116 0.00556302
vt 0.218439 0.00903898
vt 0.003265 0.00903898
vt 0.003265 0.00556302
vt 0.218439 0.00556302
vt 0.218439 0.00903898
vt 0.003265 0.00556302
vt 0.865821 0.00903898
vt 0.865821 0.017699
vt 0.671787 0.017699
vt 0.671787 0.00903898
vt 0.865821 0.00903898
vt 0.671787 0.017699
vt 0.350915 0.106296
vt 0.641244 0.106573
vt 0.644836 0.103051
vt 0.350921 0.102771
vt 0.350915 0.106296
vt 0.644836 0.103051
vt 0.350915 0.106296
vt 0.350921 0.102771
vt 0.056427 0.102473
vt 0.060282 0.106001
vt 0.350915 0.106296
vt 0.056427 0.102473
vt 0.662486 0.696459
vt 0.662487 0.695
vt 0.661026 0.696458
vt 0.350336 0.696171
vt 0.350337 0.694709
vt 0.039646 0.695849
vt 0.350337 0.694709
vt 0.039649 0.694384
vt 0.039646 0.695849
vt 0.039646 0.695849
vt 0.039649 0.694384
vt 0.038185 0.694385
vt 0.03849 0.406081
vt 0.038185 0.694385
vt 0.039649 0.694384
vt 0.039952 0.406083
vt 0.03849 0.406081
vt 0.039649 0.694384
vt 0.03849 0.406081
vt 0.039952 0.406083
vt 0.038812 0.073061
vt 0.039952 0.406083
vt 0.040246 0.073062
vt 0.038812 0.073061
vt 0.038812 0.073061
vt 0.040246 0.073062
vt 0.040273 0.071603
vt 0.350951 0.071915
vt 0.040273 0.071603
vt 0.040246 0.073062
vt 0.35095 0.073377
vt 0.350951 0.071915
vt 0.040246 0.073062
vt 0.661617 0.072214
vt 0.350951 0.071915
vt 0.35095 0.073377
vt 0.661626 0.073674
vt 0.661617 0.072214
vt 0.35095 0.073377
vt 0.661617 0.072214
vt 0.661626 0.073674
vt 0.663073 0.073673
vt 0.662753 0.406696
vt 0.663073 0.073673
vt 0.661626 0.073674
vt 0.661291 0.406695
vt 0.662753 0.406696
vt 0.661626 0.073674
vt 0.662753 0.406696
vt 0.661291 0.406695
vt 0.662487 0.695
vt 0.662487 0.695
vt 0.661025 0.694996
vt 0.661026 0.696458
vt 0.661026 0.696458
vt 0.661025 0.694996
vt 0.350336 0.696171
vt 0.661025 0.694996
vt 0.350337 0.694709
vt 0.350336 0.696171
vt 0.661291 0.406695
vt 0.661025 0.694996
vt 0.662487 0.695
vt 0.663064 0.072213
vt 0.661617 0.072214
vt 0.663073 0.073673
vt 0.038838 0.071599
vt 0.038812 0.073061
vt 0.040273 0.071603
vt 0.040246 0.073062
vt 0.039952 0.406083
vt 0.056427 0.395578
vt 0.063455 0.398756
vt 0.056427 0.395578
vt 0.039952 0.406083
vt 0.35095 0.073377
vt 0.040246 0.073062
vt 0.056427 0.102473
vt 0.056427 0.102473
vt 0.040246 0.073062
vt 0.056427 0.395578
vt 0.350921 0.102771
vt 0.35095 0.073377
vt 0.056427 0.102473
vt 0.35095 0.073377
vt 0.350921 0.102771
vt 0.644836 0.103051
vt 0.661626 0.073674
vt 0.35095 0.073377
vt 0.644836 0.103051
vt 0.661291 0.406695
vt 0.661626 0.073674
vt 0.644836 0.396157
vt 0.661626 0.073674
vt 0.644836 0.103051
vt 0.644836 0.396157
vt 0.644836 0.396157
vt 0.637803 0.399322
vt 0.661291 0.406695
vt 0.070794 0.406111
vt 0.063455 0.398756
vt 0.039952 0.406083
vt 0.039952 0.406083
vt 0.039649 0.694384
vt 0.070524 0.663574
vt 0.070794 0.406111
vt 0.039952 0.406083
vt 0.070524 0.663574
vt 0.063455 0.398756
vt 0.070794 0.406111
vt 0.221128 0.253293
vt 0.233865 0.226836
vt 0.063455 0.398756
vt 0.221128 0.253293
vt 0.233865 0.226836
vt 0.221128 0.253293
vt 0.350772 0.253429
vt 0.350772 0.253429
vt 0.221128 0.253293
vt 0.350337 0.694709
vt 0.350798 0.226958
vt 0.233865 0.226836
vt 0.350772 0.253429
vt 0.467731 0.226836
vt 0.350798 0.226958
vt 0.350772 0.253429
vt 0.637803 0.399322
vt 0.467731 0.226836
vt 0.480416 0.253549
vt 0.480416 0.253549
vt 0.350772 0.253429
vt 0.350337 0.694709
vt 0.480416 0.253549
vt 0.467731 0.226836
vt 0.350772 0.253429
vt 0.637803 0.399322
vt 0.630449 0.406662
vt 0.661291 0.406695
vt 0.630449 0.406662
vt 0.637803 0.399322
vt 0.480416 0.253549
vt 0.661291 0.406695
vt 0.630449 0.406662
vt 0.630212 0.664125
vt 0.661025 0.694996
vt 0.661291 0.406695
vt 0.630212 0.664125
vt 0.661025 0.694996
vt 0.630212 0.664125
vt 0.480037 0.663987
vt 0.350337 0.694709
vt 0.661025 0.694996
vt 0.480037 0.663987
vt 0.480037 0.663987
vt 0.480416 0.253549
vt 0.350337 0.694709
vt 0.070524 0.663574
vt 0.039649 0.694384
vt 0.220699 0.663731
vt 0.039649 0.694384
vt 0.350337 0.694709
vt 0.220699 0.663731
vt 0.221128 0.253293
vt 0.220699 0.663731
vt 0.350337 0.694709
vt 0.461201 0.00903898
vt 0.537243 0.00903898
vt 0.537243 0.017699
vt 0.461201 0.017699
vt 0.461201 0.00903898
vt 0.537243 0.017699
vt 0.461201 0.00903898
vt 0.461201 0.017699
vt 0.385116 0.017699
vt 0.385116 0.00903898
vt 0.461201 0.00903898
vt 0.385116 0.017699
vt 0.640788 0.297411
vt 0.455808 0.110756
vt 0.640788 0.110756
vt 0.537243 0.00903898
vt 0.671787 0.00903898
vt 0.671787 0.017699
vt 0.537243 0.017699
vt 0.537243 0.00903898
vt 0.671787 0.017699
vt 0.852985 0.737507
vt 0.929474 0.811405
vt 0.913776 0.812681
vt 0.848692 0.749801
vt 0.852985 0.737507
vt 0.913776 0.812681
vt 0.947026 0.841964
vt 0.952613 0.844554
vt 0.848604 0.844462
vt 0.848607 0.841877
vt 0.947026 0.841964
vt 0.848604 0.844462
vt 0.750187 0.841782
vt 0.848607 0.841877
vt 0.848604 0.844462
vt 0.744595 0.844361
vt 0.750187 0.841782
vt 0.848604 0.844462
vt 0.85952 0.715368
vt 0.963435 0.815759
vt 0.957848 0.813169
vt 0.859518 0.718173
vt 0.85952 0.715368
vt 0.957848 0.813169
vt 0.454819 0.110756
vt 0.453438 0.110756
vt 0.640788 0.299737
vt 0.640788 0.298404
vt 0.454819 0.110756
vt 0.640788 0.299737
vt 0.444498 0.110756
vt 0.443101 0.110756
vt 0.640788 0.310032
vt 0.640788 0.308699
vt 0.444498 0.110756
vt 0.640788 0.310032
vt 0.640788 0.311026
vt 0.442095 0.110756
vt 0.4666 0.22318
vt 0.640788 0.39549
vt 0.640788 0.311026
vt 0.4666 0.22318
vt 0.351079 0.110756
vt 0.408998 0.167402
vt 0.442095 0.110756
vt 0.442095 0.110756
vt 0.408998 0.167402
vt 0.4666 0.22318
vt 0.4666 0.22318
vt 0.408998 0.167402
vt 0.292657 0.167343
vt 0.234991 0.22313
vt 0.4666 0.22318
vt 0.292657 0.167343
vt 0.060469 0.311163
vt 0.060469 0.395792
vt 0.234991 0.22313
vt 0.292657 0.167343
vt 0.259539 0.110756
vt 0.234991 0.22313
vt 0.259539 0.110756
vt 0.060469 0.311163
vt 0.234991 0.22313
vt 0.292657 0.167343
vt 0.350719 0.110756
vt 0.259539 0.110756
vt 0.245802 0.110756
vt 0.060469 0.297525
vt 0.060469 0.110756
vt 0.455808 0.110756
vt 0.454819 0.110756
vt 0.640788 0.298404
vt 0.640788 0.297411
vt 0.455808 0.110756
vt 0.640788 0.298404
vt 0.442095 0.110756
vt 0.640788 0.311026
vt 0.640788 0.310032
vt 0.443101 0.110756
vt 0.442095 0.110756
vt 0.640788 0.310032
vt 0.453438 0.110756
vt 0.444498 0.110756
vt 0.640788 0.308699
vt 0.640788 0.299737
vt 0.453438 0.110756
vt 0.640788 0.308699
vt 0.246793 0.110756
vt 0.060469 0.298519
vt 0.060469 0.299855
vt 0.248176 0.110756
vt 0.246793 0.110756
vt 0.060469 0.299855
vt 0.257132 0.110756
vt 0.060469 0.308832
vt 0.060469 0.310168
vt 0.258532 0.110756
vt 0.257132 0.110756
vt 0.060469 0.310168
vt 0.455808 0.110756
vt 0.640788 0.297411
vt 0.640788 0.298404
vt 0.454819 0.110756
vt 0.455808 0.110756
vt 0.640788 0.298404
vt 0.442095 0.110756
vt 0.443101 0.110756
vt 0.640788 0.310032
vt 0.640788 0.311026
vt 0.442095 0.110756
vt 0.640788 0.310032
vt 0.453438 0.110756
vt 0.640788 0.299737
vt 0.640788 0.308699
vt 0.444498 0.110756
vt 0.453438 0.110756
vt 0.640788 0.308699
vt 0.246793 0.110756
vt 0.248176 0.110756
vt 0.060469 0.299855
vt 0.060469 0.298519
vt 0.246793 0.110756
vt 0.060469 0.299855
vt 0.257132 0.110756
vt 0.258532 0.110756
vt 0.060469 0.310168
vt 0.060469 0.308832
vt 0.257132 0.110756
vt 0.060469 0.310168
vt 0.245802 0.110756
vt 0.246793 0.110756
vt 0.060469 0.298519
vt 0.060469 0.297525
vt 0.245802 0.110756
vt 0.060469 0.298519
vt 0.259539 0.110756
vt 0.060469 0.311163
vt 0.060469 0.310168
vt 0.258532 0.110756
vt 0.259539 0.110756
vt 0.060469 0.310168
vt 0.248176 0.110756
vt 0.257132 0.110756
vt 0.060469 0.308832
vt 0.060469 0.299855
vt 0.248176 0.110756
vt 0.060469 0.308832
vt 0.665984 0.805594
vt 0.463581 0.80522
vt 0.463544 0.801966
vt 0.659999 0.802275
vt 0.665984 0.805594
vt 0.463544 0.801966
vt 0.016867 0.927515
vt 0.278817 0.927337
vt 0.276525 0.930267
vt 0.018803 0.930179
vt 0.016867 0.927515
vt 0.276525 0.930267
vt 0.302964 0.927033
vt 0.445854 0.927263
vt 0.443361 0.930015
vt 0.305249 0.92996
vt 0.302964 0.927033
vt 0.443361 0.930015
vt 0.01669 0.83725
vt 0.422718 0.83762
vt 0.416454 0.840462
vt 0.018741 0.840323
vt 0.01669 0.83725
vt 0.416454 0.840462
vt 0.679189 0.810911
vt 0.46366 0.810928
vt 0.463581 0.80522
vt 0.665984 0.805594
vt 0.679189 0.810911
vt 0.463581 0.80522
vt 0.012785 0.923428
vt 0.281558 0.9246
vt 0.278817 0.927337
vt 0.016867 0.927515
vt 0.012785 0.923428
vt 0.278817 0.927337
vt 0.300231 0.924299
vt 0.450192 0.923673
vt 0.445854 0.927263
vt 0.302964 0.927033
vt 0.300231 0.924299
vt 0.445854 0.927263
vt 0.422718 0.83762
vt 0.01669 0.83725
vt 0.013119 0.832931
vt 0.435959 0.8322
vt 0.422718 0.83762
vt 0.013119 0.832931
vt 0.443361 0.930015
vt 0.443358 0.94089
vt 0.305245 0.940836
vt 0.305249 0.92996
vt 0.443361 0.930015
vt 0.305245 0.940836
vt 0.416454 0.840462
vt 0.41645 0.851285
vt 0.018737 0.851146
vt 0.018741 0.840323
vt 0.416454 0.840462
vt 0.018737 0.851146
vt 0.463544 0.801966
vt 0.463561 0.791196
vt 0.660016 0.791506
vt 0.659999 0.802275
vt 0.463544 0.801966
vt 0.660016 0.791506
vt 0.276525 0.930267
vt 0.276522 0.941164
vt 0.018799 0.941077
vt 0.018803 0.930179
vt 0.276525 0.930267
vt 0.018799 0.941077
vt 0.457182 0.915933
vt 0.293799 0.916088
vt 0.293798 0.914863
vt 0.457181 0.914707
vt 0.457182 0.915933
vt 0.293798 0.914863
vt 0.451716 0.82421
vt 0.007354 0.824302
vt 0.007353 0.823082
vt 0.451716 0.82299
vt 0.451716 0.82421
vt 0.007353 0.823082
vt 0.463766 0.820073
vt 0.694695 0.819194
vt 0.6947 0.820407
vt 0.463771 0.821286
vt 0.463766 0.820073
vt 0.6947 0.820407
vt 0.288007 0.916377
vt 0.007353 0.915935
vt 0.007355 0.914707
vt 0.288009 0.915149
vt 0.288007 0.916377
vt 0.007355 0.914707
vt 0.435959 0.8322
vt 0.013119 0.832931
vt 0.007354 0.824302
vt 0.451716 0.82421
vt 0.435959 0.8322
vt 0.007354 0.824302
vt 0.450192 0.923673
vt 0.300231 0.924299
vt 0.293799 0.916088
vt 0.457182 0.915933
vt 0.450192 0.923673
vt 0.293799 0.916088
vt 0.281558 0.9246
vt 0.012785 0.923428
vt 0.007353 0.915935
vt 0.288007 0.916377
vt 0.281558 0.9246
vt 0.007353 0.915935
vt 0.46366 0.810928
vt 0.679189 0.810911
vt 0.694695 0.819194
vt 0.463766 0.820073
vt 0.46366 0.810928
vt 0.694695 0.819194
vt 0.666018 0.742592
vt 0.660043 0.745933
vt 0.463556 0.74692
vt 0.463582 0.743665
vt 0.666018 0.742592
vt 0.463556 0.74692
vt 0.278535 0.867595
vt 0.276599 0.870259
vt 0.018839 0.870347
vt 0.016547 0.867417
vt 0.278535 0.867595
vt 0.018839 0.870347
vt 0.448027 0.897064
vt 0.445742 0.899991
vt 0.30761 0.900055
vt 0.305117 0.897303
vt 0.448027 0.897064
vt 0.30761 0.900055
vt 0.442458 0.741858
vt 0.440407 0.744932
vt 0.042621 0.745071
vt 0.036356 0.742228
vt 0.442458 0.741858
vt 0.042621 0.745071
vt 0.679207 0.737229
vt 0.666018 0.742592
vt 0.463582 0.743665
vt 0.463642 0.737956
vt 0.679207 0.737229
vt 0.463582 0.743665
vt 0.282617 0.863507
vt 0.278535 0.867595
vt 0.016547 0.867417
vt 0.013805 0.86468
vt 0.282617 0.863507
vt 0.016547 0.867417
vt 0.45076 0.89433
vt 0.448027 0.897064
vt 0.305117 0.897303
vt 0.300778 0.893712
vt 0.45076 0.89433
vt 0.305117 0.897303
vt 0.036356 0.742228
vt 0.023113 0.736807
vt 0.44603 0.73754
vt 0.442458 0.741858
vt 0.036356 0.742228
vt 0.44603 0.73754
vt 0.30761 0.900055
vt 0.445742 0.899991
vt 0.445746 0.910868
vt 0.307614 0.910932
vt 0.30761 0.900055
vt 0.445746 0.910868
vt 0.486511 0.02876
vt 0.333579 0.02876
vt 0.333579 0.025266
vt 0.486511 0.025266
vt 0.486511 0.02876
vt 0.333579 0.025266
vt 0.654068 0.02876
vt 0.486511 0.02876
vt 0.486511 0.025266
vt 0.654068 0.025266
vt 0.654068 0.02876
vt 0.486511 0.025266
vt 0.870381 0.025266
vt 0.870381 0.02876
vt 0.723267 0.025266
vt 0.654068 0.02876
vt 0.723267 0.025266
vt 0.870381 0.02876
vt 0.654068 0.025266
vt 0.723267 0.025266
vt 0.654068 0.02876
vt 0.007353 0.728815
vt 0.007354 0.727596
vt 0.451797 0.727689
vt 0.451797 0.728908
vt 0.007353 0.728815
vt 0.451797 0.727689
vt 0.463716 0.728809
vt 0.463717 0.727596
vt 0.694687 0.727678
vt 0.694687 0.728892
vt 0.463716 0.728809
vt 0.694687 0.727678
vt 0.198324 0.02876
vt 0.198324 0.025266
vt 0.333579 0.025266
vt 0.333579 0.02876
vt 0.198324 0.02876
vt 0.333579 0.025266
vt 0.198324 0.02876
vt 0.003265 0.02876
vt 0.003265 0.025266
vt 0.198324 0.025266
vt 0.198324 0.02876
vt 0.003265 0.025266
vt 0.85675 0.563325
vt 0.85675 0.561396
vt 0.990937 0.684105
vt 0.990937 0.686069
vt 0.85675 0.563325
vt 0.990937 0.684105
vt 0.856762 0.523988
vt 0.856763 0.522016
vt 0.99095 0.645044
vt 0.99095 0.646961
vt 0.856762 0.523988
vt 0.99095 0.645044
vt 0.839723 0.119877
vt 0.839723 0.121875
vt 0.707107 0.247524
vt 0.707107 0.245569
vt 0.839723 0.119877
vt 0.707107 0.247524
vt 0.83972 0.160405
vt 0.83972 0.162355
vt 0.707104 0.287985
vt 0.707104 0.285996
vt 0.83972 0.160405
vt 0.707104 0.287985
vt 0.856725 0.634402
vt 0.856725 0.632469
vt 0.990912 0.757324
vt 0.990912 0.759349
vt 0.856725 0.634402
vt 0.990912 0.757324
vt 0.350336 0.696171
vt 0.039646 0.695849
vt 0.039648 0.697307
vt 0.350335 0.697633
vt 0.350336 0.696171
vt 0.039648 0.697307
vt 0.661026 0.696458
vt 0.350336 0.696171
vt 0.350335 0.697633
vt 0.661023 0.697919
vt 0.661026 0.696458
vt 0.350335 0.697633
vt 0.038185 0.696747
vt 0.039648 0.697307
vt 0.039646 0.695849
vt 0.038186 0.695844
vt 0.038185 0.696747
vt 0.039646 0.695849
vt 0.039648 0.697307
vt 0.038185 0.696747
vt 0.039619 0.725083
vt 0.350335 0.697633
vt 0.039648 0.697307
vt 0.039619 0.725083
vt 0.350307 0.725408
vt 0.350335 0.697633
vt 0.039619 0.725083
vt 0.661023 0.697919
vt 0.350335 0.697633
vt 0.660998 0.725695
vt 0.350335 0.697633
vt 0.350307 0.725408
vt 0.660998 0.725695
vt 0.661023 0.697919
vt 0.660998 0.725695
vt 0.662459 0.725696
vt 0.662485 0.697362
vt 0.661023 0.697919
vt 0.662459 0.725696
vt 0.661026 0.696458
vt 0.661023 0.697919
vt 0.662485 0.697362
vt 0.662486 0.696459
vt 0.661026 0.696458
vt 0.662485 0.697362
vt 0.038185 0.696747
vt 0.038156 0.725081
vt 0.039619 0.725083
vt 0.003265 0.00903898
vt 0.218439 0.00903898
vt 0.218439 0.017699
vt 0.003265 0.017699
vt 0.003265 0.00903898
vt 0.218439 0.017699
vt 0.385116 0.00903898
vt 0.385116 0.017699
vt 0.218439 0.017699
vt 0.218439 0.00903898
vt 0.385116 0.00903898
vt 0.218439 0.017699
vt 0.537243 0.00556302
vt 0.537243 0.00903898
vt 0.461201 0.00903898
vt 0.461201 0.00556302
vt 0.537243 0.00556302
vt 0.461201 0.00903898
vt 0.385116 0.00556302
vt 0.461201 0.00556302
vt 0.461201 0.00903898
vt 0.385116 0.00903898
vt 0.385116 0.00556302
vt 0.461201 0.00903898
vt 0.671787 0.00903898
vt 0.537243 0.00903898
vt 0.537243 0.00556302
vt 0.671787 0.00556302
vt 0.671787 0.00903898
vt 0.537243 0.00556302
vt 0.671787 0.00903898
vt 0.671787 0.00556302
vt 0.865821 0.00556302
vt 0.865821 0.00903898
vt 0.671787 0.00903898
vt 0.865821 0.00556302
vt 0.060282 0.106001
vt 0.060583 0.108509
vt 0.350912 0.108809
vt 0.350915 0.106296
vt 0.060282 0.106001
vt 0.350912 0.108809
vt 0.641244 0.106573
vt 0.350915 0.106296
vt 0.350912 0.108809
vt 0.641241 0.10908
vt 0.641244 0.106573
vt 0.350912 0.108809
vt 0.665984 0.838682
vt 0.659998 0.842002
vt 0.463544 0.842311
vt 0.463581 0.839057
vt 0.665984 0.838682
vt 0.463544 0.842311
vt 0.278496 0.957472
vt 0.276559 0.960136
vt 0.018837 0.960224
vt 0.016545 0.957294
vt 0.278496 0.957472
vt 0.018837 0.960224
vt 0.448016 0.95699
vt 0.445731 0.959917
vt 0.307618 0.959971
vt 0.305126 0.95722
vt 0.448016 0.95699
vt 0.307618 0.959971
vt 0.44238 0.805455
vt 0.440329 0.808528
vt 0.042615 0.808667
vt 0.036351 0.805825
vt 0.44238 0.805455
vt 0.042615 0.808667
vt 0.679189 0.833365
vt 0.665984 0.838682
vt 0.463581 0.839057
vt 0.46366 0.833349
vt 0.679189 0.833365
vt 0.463581 0.839057
vt 0.282577 0.953385
vt 0.278496 0.957472
vt 0.016545 0.957294
vt 0.013804 0.954557
vt 0.282577 0.953385
vt 0.016545 0.957294
vt 0.450749 0.954256
vt 0.448016 0.95699
vt 0.305126 0.95722
vt 0.300788 0.95363
vt 0.450749 0.954256
vt 0.305126 0.95722
vt 0.036351 0.805825
vt 0.023111 0.800406
vt 0.445952 0.801137
vt 0.44238 0.805455
vt 0.036351 0.805825
vt 0.445952 0.801137
vt 0.307618 0.959971
vt 0.445731 0.959917
vt 0.445735 0.970792
vt 0.307622 0.970847
vt 0.307618 0.959971
vt 0.445735 0.970792
vt 0.042615 0.808667
vt 0.440329 0.808528
vt 0.440333 0.819351
vt 0.042619 0.81949
vt 0.042615 0.808667
vt 0.440333 0.819351
vt 0.463544 0.842311
vt 0.659998 0.842002
vt 0.660016 0.852771
vt 0.463561 0.853081
vt 0.463544 0.842311
vt 0.660016 0.852771
vt 0.018837 0.960224
vt 0.276559 0.960136
vt 0.276563 0.971034
vt 0.01884 0.971121
vt 0.018837 0.960224
vt 0.276563 0.971034
vt 0.293798 0.94589
vt 0.293799 0.944664
vt 0.457182 0.94482
vt 0.457181 0.946045
vt 0.293798 0.94589
vt 0.457182 0.94482
vt 0.007353 0.792415
vt 0.007353 0.791196
vt 0.451717 0.791288
vt 0.451717 0.792507
vt 0.007353 0.792415
vt 0.451717 0.791288
vt 0.463766 0.824204
vt 0.463771 0.82299
vt 0.6947 0.82387
vt 0.694695 0.825083
vt 0.463766 0.824204
vt 0.6947 0.82387
vt 0.007355 0.946334
vt 0.007353 0.945106
vt 0.288007 0.944664
vt 0.288009 0.945892
vt 0.007355 0.946334
vt 0.288007 0.944664
vt 0.023111 0.800406
vt 0.007353 0.792415
vt 0.451717 0.792507
vt 0.445952 0.801137
vt 0.023111 0.800406
vt 0.451717 0.792507
vt 0.300788 0.95363
vt 0.293798 0.94589
vt 0.457181 0.946045
vt 0.450749 0.954256
vt 0.300788 0.95363
vt 0.457181 0.946045
vt 0.013804 0.954557
vt 0.007355 0.946334
vt 0.288009 0.945892
vt 0.282577 0.953385
vt 0.013804 0.954557
vt 0.288009 0.945892
vt 0.46366 0.833349
vt 0.463766 0.824204
vt 0.694695 0.825083
vt 0.679189 0.833365
vt 0.46366 0.833349
vt 0.694695 0.825083
vt 0.95007 0.969721
vt 0.747188 0.969734
vt 0.768042 0.961443
vt 0.929223 0.961431
vt 0.95007 0.969721
vt 0.768042 0.961443
vt 0.952179 0.980486
vt 0.745071 0.980498
vt 0.747188 0.969734
vt 0.95007 0.969721
vt 0.952179 0.980486
vt 0.747188 0.969734
vt 0.929223 0.961431
vt 0.768042 0.961443
vt 0.779983 0.950208
vt 0.91729 0.950193
vt 0.929223 0.961431
vt 0.779983 0.950208
vt 0.958059 0.983162
vt 0.739189 0.983175
vt 0.745071 0.980498
vt 0.952179 0.980486
vt 0.958059 0.983162
vt 0.745071 0.980498
vt 0.955287 0.954463
vt 0.933344 0.947197
vt 0.848601 0.876815
vt 0.848598 0.866024
vt 0.955287 0.954463
vt 0.848601 0.876815
vt 0.741983 0.954512
vt 0.848598 0.866024
vt 0.848601 0.876815
vt 0.763924 0.947228
vt 0.741983 0.954512
vt 0.848601 0.876815
vt 0.844431 0.726376
vt 0.844421 0.737499
vt 0.767796 0.811255
vt 0.747948 0.819243
vt 0.844431 0.726376
vt 0.767796 0.811255
vt 0.747948 0.819243
vt 0.739419 0.812967
vt 0.837924 0.718153
vt 0.844431 0.726376
vt 0.747948 0.819243
vt 0.837924 0.718153
vt 0.844421 0.737499
vt 0.848692 0.749801
vt 0.783491 0.81256
vt 0.767796 0.811255
vt 0.844421 0.737499
vt 0.783491 0.81256
vt 0.837927 0.715348
vt 0.837924 0.718153
vt 0.739419 0.812967
vt 0.733826 0.815546
vt 0.837927 0.715348
vt 0.739419 0.812967
vt 0.852996 0.726384
vt 0.949306 0.819429
vt 0.929474 0.811405
vt 0.852985 0.737507
vt 0.852996 0.726384
vt 0.929474 0.811405
vt 0.925181 0.823542
vt 0.945014 0.831567
vt 0.848616 0.831482
vt 0.848624 0.823475
vt 0.925181 0.823542
vt 0.848616 0.831482
vt 0.772066 0.823401
vt 0.848624 0.823475
vt 0.848616 0.831482
vt 0.752219 0.831388
vt 0.772066 0.823401
vt 0.848616 0.831482
vt 0.848688 0.753433
vt 0.907301 0.810061
vt 0.848636 0.81001
vt 0.789971 0.809953
vt 0.848688 0.753433
vt 0.848636 0.81001
vt 0.848692 0.749801
vt 0.848688 0.753433
vt 0.789971 0.809953
vt 0.848688 0.753433
vt 0.848692 0.749801
vt 0.907301 0.810061
vt 0.783491 0.81256
vt 0.848692 0.749801
vt 0.789971 0.809953
vt 0.848634 0.812624
vt 0.848636 0.81001
vt 0.907301 0.810061
vt 0.848636 0.81001
vt 0.848634 0.812624
vt 0.789971 0.809953
vt 0.848634 0.812624
vt 0.783491 0.81256
vt 0.789971 0.809953
vt 0.848692 0.749801
vt 0.913776 0.812681
vt 0.907301 0.810061
vt 0.913776 0.812681
vt 0.848634 0.812624
vt 0.907301 0.810061
vt 0.945014 0.831567
vt 0.947026 0.841964
vt 0.848607 0.841877
vt 0.848616 0.831482
vt 0.945014 0.831567
vt 0.848607 0.841877
vt 0.752219 0.831388
vt 0.848616 0.831482
vt 0.848607 0.841877
vt 0.750187 0.841782
vt 0.752219 0.831388
vt 0.848607 0.841877
vt 0.848624 0.823475
vt 0.772066 0.823401
vt 0.783491 0.81256
vt 0.848634 0.812624
vt 0.848624 0.823475
vt 0.783491 0.81256
vt 0.848624 0.823475
vt 0.848634 0.812624
vt 0.913776 0.812681
vt 0.925181 0.823542
vt 0.848624 0.823475
vt 0.913776 0.812681
vt 0.654068 0.037077
vt 0.654068 0.02876
vt 0.654068 0.037043
vt 0.949306 0.819429
vt 0.852996 0.726384
vt 0.859518 0.718173
vt 0.957848 0.813169
vt 0.949306 0.819429
vt 0.859518 0.718173
vt 0.245802 0.110756
vt 0.060469 0.297525
vt 0.060469 0.298519
vt 0.246793 0.110756
vt 0.245802 0.110756
vt 0.060469 0.298519
vt 0.259539 0.110756
vt 0.258532 0.110756
vt 0.060469 0.310168
vt 0.060469 0.311163
vt 0.259539 0.110756
vt 0.060469 0.310168
vt 0.248176 0.110756
vt 0.060469 0.299855
vt 0.060469 0.308832
vt 0.257132 0.110756
vt 0.248176 0.110756
vt 0.060469 0.308832
vt 0.85675 0.163211
vt 0.85675 0.161282
vt 0.990937 0.283991
vt 0.990937 0.285956
vt 0.85675 0.163211
vt 0.990937 0.283991
vt 0.856762 0.123874
vt 0.856763 0.121902
vt 0.99095 0.244931
vt 0.99095 0.246847
vt 0.856762 0.123874
vt 0.99095 0.244931
vt 0.839723 0.515228
vt 0.839723 0.517225
vt 0.707107 0.642875
vt 0.707107 0.64092
vt 0.839723 0.515228
vt 0.707107 0.642875
vt 0.83972 0.555755
vt 0.83972 0.557706
vt 0.707104 0.683335
vt 0.707104 0.681347
vt 0.83972 0.555755
vt 0.707104 0.683335
vt 0.856725 0.234288
vt 0.856725 0.232356
vt 0.990912 0.35721
vt 0.990912 0.359235
vt 0.856725 0.234288
vt 0.990912 0.35721
vt 0.856738 0.195161
vt 0.856738 0.19319
vt 0.990925 0.316514
vt 0.990925 0.318548
vt 0.856738 0.195161
vt 0.990925 0.316514
vt 0.856774 0.091599
vt 0.856774 0.089589
vt 0.990962 0.213148
vt 0.990961 0.215127
vt 0.856774 0.091599
vt 0.990962 0.213148
vt 0.990974 0.173165
vt 0.990974 0.175132
vt 0.856786 0.05034
vt 0.858141 0.049549
vt 0.990974 0.173165
vt 0.856786 0.05034
vt 0.70711 0.571315
vt 0.707111 0.569348
vt 0.838388 0.442638
vt 0.839727 0.443373
vt 0.70711 0.571315
vt 0.838388 0.442638
vt 0.839724 0.482826
vt 0.839724 0.484825
vt 0.707108 0.61126
vt 0.707108 0.609317
vt 0.839724 0.482826
vt 0.707108 0.61126
vt 0.83972 0.587282
vt 0.83972 0.589218
vt 0.707103 0.715615
vt 0.707104 0.713613
vt 0.83972 0.587282
vt 0.707103 0.715615
vt 0.839717 0.627198
vt 0.839717 0.629163
vt 0.7071 0.757249
vt 0.7071 0.755175
vt 0.839717 0.627198
vt 0.7071 0.757249
vt 0.99095 0.249321
vt 0.856762 0.126483
vt 0.856762 0.123874
vt 0.99095 0.246847
vt 0.99095 0.249321
vt 0.856762 0.123874
vt 0.85675 0.158792
vt 0.990937 0.281459
vt 0.990937 0.283991
vt 0.85675 0.161282
vt 0.85675 0.158792
vt 0.990937 0.283991
vt 0.707105 0.678669
vt 0.839721 0.553106
vt 0.83972 0.555755
vt 0.707104 0.681347
vt 0.707105 0.678669
vt 0.83972 0.555755
vt 0.839722 0.51992
vt 0.707106 0.645528
vt 0.707107 0.642875
vt 0.839723 0.517225
vt 0.839722 0.51992
vt 0.707107 0.642875
vt 0.990925 0.321357
vt 0.856738 0.197821
vt 0.856738 0.195161
vt 0.990925 0.318548
vt 0.990925 0.321357
vt 0.856738 0.195161
vt 0.856725 0.229788
vt 0.990912 0.35448
vt 0.990912 0.35721
vt 0.856725 0.232356
vt 0.856725 0.229788
vt 0.990912 0.35721
vt 0.73382 0.947227
vt 0.727637 0.949513
vt 0.848594 0.852311
vt 0.848595 0.855142
vt 0.73382 0.947227
vt 0.848594 0.852311
vt 0.96344 0.947169
vt 0.848595 0.855142
vt 0.848594 0.852311
vt 0.969625 0.94945
vt 0.96344 0.947169
vt 0.848594 0.852311
vt 0.198324 0.02876
vt 0.198345 0.037065
vt 0.198324 0.037031
vt 0.779983 0.950208
vt 0.763924 0.947228
vt 0.848601 0.876815
vt 0.848603 0.890584
vt 0.779983 0.950208
vt 0.848601 0.876815
vt 0.91729 0.950193
vt 0.848603 0.890584
vt 0.848601 0.876815
vt 0.933344 0.947197
vt 0.91729 0.950193
vt 0.848601 0.876815
vt 0.009524 0.071496
vt 0.037866 0.071526
vt 0.009523 0.072955
vt 0.038419 0.406086
vt 0.036959 0.406084
vt 0.037307 0.072992
vt 0.037866 0.071526
vt 0.037307 0.072992
vt 0.009523 0.072955
vt 0.037307 0.072992
vt 0.036959 0.406084
vt 0.009523 0.072955
vt 0.036959 0.406084
vt 0.038419 0.406086
vt 0.038114 0.694456
vt 0.036655 0.694452
vt 0.036959 0.406084
vt 0.038114 0.694456
vt 0.036655 0.694452
vt 0.038114 0.694456
vt 0.037212 0.695915
vt 0.036655 0.694452
vt 0.037212 0.695915
vt 0.008871 0.695885
vt 0.008872 0.694423
vt 0.036655 0.694452
vt 0.008871 0.695885
vt 0.036959 0.406084
vt 0.009175 0.406055
vt 0.009523 0.072955
vt 0.009175 0.406055
vt 0.036959 0.406084
vt 0.036655 0.694452
vt 0.008872 0.694423
vt 0.009175 0.406055
vt 0.036655 0.694452
vt 0.038741 0.07299
vt 0.038419 0.406086
vt 0.037307 0.072992
vt 0.037307 0.072992
vt 0.037866 0.071526
vt 0.038741 0.07299
vt 0.037866 0.071526
vt 0.038767 0.071527
vt 0.038741 0.07299
vt 0.038114 0.694456
vt 0.038115 0.695915
vt 0.037212 0.695915
vt 0.35098 0.0426
vt 0.661703 0.042897
vt 0.661675 0.070683
vt 0.663137 0.071242
vt 0.661675 0.070683
vt 0.661703 0.042897
vt 0.663165 0.042898
vt 0.663137 0.071242
vt 0.661703 0.042897
vt 0.350953 0.070385
vt 0.35098 0.0426
vt 0.661675 0.070683
vt 0.350953 0.070385
vt 0.661675 0.070683
vt 0.350951 0.071844
vt 0.350953 0.070385
vt 0.350951 0.071844
vt 0.040202 0.071531
vt 0.040232 0.070072
vt 0.350953 0.070385
vt 0.040202 0.071531
vt 0.35098 0.0426
vt 0.350953 0.070385
vt 0.040232 0.070072
vt 0.040232 0.070072
vt 0.040202 0.071531
vt 0.038767 0.070627
vt 0.040232 0.070072
vt 0.038767 0.070627
vt 0.038795 0.042283
vt 0.040257 0.042285
vt 0.040232 0.070072
vt 0.038795 0.042283
vt 0.040257 0.042285
vt 0.35098 0.0426
vt 0.040232 0.070072
vt 0.661675 0.070683
vt 0.661688 0.072143
vt 0.350951 0.071844
vt 0.661675 0.070683
vt 0.663137 0.071242
vt 0.661688 0.072143
vt 0.663137 0.071242
vt 0.663136 0.072142
vt 0.661688 0.072143
vt 0.040202 0.071531
vt 0.038767 0.071527
vt 0.038767 0.070627
vt 0.038084 0.725159
vt 0.038114 0.696818
vt 0.039547 0.725161
vt 0.350336 0.696242
vt 0.350335 0.697704
vt 0.039576 0.697378
vt 0.038114 0.696818
vt 0.039576 0.697378
vt 0.039547 0.725161
vt 0.039576 0.697378
vt 0.350335 0.697704
vt 0.039547 0.725161
vt 0.350336 0.696242
vt 0.661097 0.696529
vt 0.350335 0.697704
vt 0.661097 0.696529
vt 0.661094 0.697991
vt 0.350335 0.697704
vt 0.661094 0.697991
vt 0.661097 0.696529
vt 0.662557 0.697433
vt 0.661094 0.697991
vt 0.662557 0.697433
vt 0.662531 0.725774
vt 0.350335 0.697704
vt 0.661094 0.697991
vt 0.661068 0.725773
vt 0.661068 0.725773
vt 0.661094 0.697991
vt 0.662531 0.725774
vt 0.350335 0.697704
vt 0.350307 0.725486
vt 0.039547 0.725161
vt 0.350307 0.725486
vt 0.350335 0.697704
vt 0.661068 0.725773
vt 0.039576 0.697378
vt 0.038114 0.696818
vt 0.039575 0.69592
vt 0.039575 0.69592
vt 0.350336 0.696242
vt 0.039576 0.697378
vt 0.038114 0.696818
vt 0.038115 0.695915
vt 0.039575 0.69592
vt 0.661097 0.696529
vt 0.662557 0.696531
vt 0.662557 0.697433
vt 0.707111 0.173998
vt 0.707113 0.044644
vt 0.838388 0.047287
vt 0.741983 0.954512
vt 0.73382 0.947227
vt 0.848595 0.855142
vt 0.848598 0.866024
vt 0.741983 0.954512
vt 0.848595 0.855142
vt 0.955287 0.954463
vt 0.848598 0.866024
vt 0.848595 0.855142
vt 0.96344 0.947169
vt 0.955287 0.954463
vt 0.848595 0.855142
vt 0.858141 0.449663
vt 0.991021 0.444758
vt 0.990974 0.573279
vt 0.910178 0.947618
vt 0.787093 0.947624
vt 0.848604 0.894029
vt 0.910178 0.947618
vt 0.91729 0.950193
vt 0.787093 0.947624
vt 0.91729 0.950193
vt 0.910178 0.947618
vt 0.848603 0.890584
vt 0.910178 0.947618
vt 0.848604 0.894029
vt 0.848603 0.890584
vt 0.848604 0.894029
vt 0.787093 0.947624
vt 0.848603 0.890584
vt 0.91729 0.950193
vt 0.779983 0.950208
vt 0.787093 0.947624
vt 0.787093 0.947624
vt 0.779983 0.950208
vt 0.848603 0.890584
vt 0.038186 0.695844
vt 0.039646 0.695849
vt 0.038185 0.694385
vt 0.64131 0.10651
vt 0.641308 0.109018
vt 0.350912 0.108746
vt 0.350915 0.106233
vt 0.64131 0.10651
vt 0.350912 0.108746
vt 0.060215 0.105938
vt 0.350915 0.106233
vt 0.350912 0.108746
vt 0.060517 0.108446
vt 0.060215 0.105938
vt 0.350912 0.108746
vt 0.218439 0.00903898
vt 0.218439 0.017699
vt 0.218439 0.017699
vt 0.455808 0.110756
vt 0.640788 0.297411
vt 0.640788 0.110756
vt 0.671787 0.017699
vt 0.671787 0.00903898
vt 0.671787 0.017699
usemtl acmat_0
f 508/1/1 507/2/2 506/3/3
f 505/4/4 504/5/5 503/6/6
f 502/7/7 505/8/8 503/9/9
f 501/10/10 500/11/11 499/12/12
f 498/13/13 501/14/14 499/15/15
f 497/16/16 496/17/17 495/18/18
f 494/19/19 497/20/20 495/21/21
f 493/22/22 492/23/23 491/24/24
f 490/25/25 493/26/26 491/27/27
f 489/28/28 488/29/29 487/30/30
f 486/31/31 489/32/32 487/33/33
f 485/34/34 484/35/35 483/36/36
f 482/37/37 485/38/38 483/39/39
f 481/40/40 480/41/41 479/42/42
f 478/43/43 481/44/44 479/45/45
f 477/46/46 476/47/47 475/48/48
f 474/49/49 477/50/50 475/51/51
f 473/52/52 472/53/53 471/54/54
f 470/55/55 473/56/56 471/57/57
f 501/58/58 504/59/59 505/60/60
f 500/61/61 501/62/62 505/63/63
f 493/64/64 496/65/65 497/66/66
f 492/67/67 493/68/68 497/69/69
f 485/70/70 488/71/71 489/72/72
f 484/73/73 485/74/74 489/75/75
f 469/76/76 468/77/77 467/78/78
f 466/79/79 469/80/80 467/81/81
f 465/82/82 464/83/83 463/84/84
f 462/85/85 465/86/86 463/87/87
f 461/88/88 460/89/89 459/90/90
f 458/91/91 461/92/92 459/93/93
f 457/94/94 456/95/95 455/96/96
f 454/97/97 457/98/98 455/99/99
f 453/100/100 452/101/101 451/102/102
f 450/103/103 453/104/104 451/105/105
f 449/106/106 448/107/107 447/108/108
f 446/109/109 449/110/110 447/111/111
f 445/112/112 444/113/113 443/114/114
f 442/115/115 445/116/116 443/117/117
f 441/118/118 440/119/119 439/120/120
f 438/121/121 441/122/122 439/123/123
f 437/124/124 436/125/125 435/126/126
f 434/127/127 437/128/128 435/129/129
f 433/130/130 434/131/131 435/132/132
f 433/133/133 432/134/134 434/135/135
f 433/136/136 435/137/137 431/138/138
f 435/139/139 430/140/140 431/141/141
f 429/142/142 431/143/143 430/144/144
f 428/145/145 429/146/146 430/147/147
f 427/148/148 428/149/149 430/150/150
f 432/151/151 431/152/152 429/153/153
f 426/154/154 425/155/155 424/156/156
f 423/157/157 426/158/158 424/159/159
f 422/160/160 426/161/161 423/162/162
f 421/163/163 422/164/164 423/165/165
f 420/166/166 422/167/167 421/168/168
f 419/169/169 420/170/170 421/171/171
f 418/172/172 417/173/173 416/174/174
f 415/175/175 418/176/176 416/177/177
f 415/178/178 416/179/179 414/180/180
f 413/181/181 415/182/182 414/183/183
f 412/184/184 411/185/185 418/186/186
f 410/187/187 412/188/188 418/189/189
f 410/190/190 418/191/191 415/192/192
f 409/193/193 410/194/194 415/195/195
f 409/196/196 415/197/197 413/198/198
f 408/199/199 409/200/200 413/201/201
f 408/202/202 413/203/203 411/204/204
f 412/205/205 408/206/206 411/207/207
f 407/208/208 406/209/209 405/210/210
f 404/211/211 407/212/212 405/213/213
f 406/214/214 403/215/215 402/216/216
f 405/217/217 406/218/218 402/219/219
f 403/220/220 401/221/221 400/222/222
f 402/223/223 403/224/224 400/225/225
f 401/226/226 407/227/227 404/228/228
f 400/229/229 401/230/230 404/231/231
f 399/232/232 398/233/233 406/234/234
f 407/235/235 399/236/236 406/237/237
f 398/238/238 397/239/239 403/240/240
f 406/241/241 398/242/242 403/243/243
f 397/244/244 396/245/245 401/246/246
f 403/247/247 397/248/248 401/249/249
f 407/250/250 401/251/251 396/252/252
f 399/253/253 407/254/254 396/255/255
f 400/256/256 395/257/257 394/258/258
f 402/259/259 400/260/260 394/261/261
f 404/262/262 393/263/263 395/264/264
f 400/265/265 404/266/266 395/267/267
f 405/268/268 392/269/269 393/270/270
f 404/271/271 405/272/272 393/273/273
f 402/274/274 394/275/275 392/276/276
f 405/277/277 402/278/278 392/279/279
f 391/280/280 390/281/281 389/282/282
f 388/283/283 391/284/284 389/285/285
f 387/286/286 391/287/287 388/288/288
f 386/289/289 387/290/290 388/291/291
f 385/292/292 387/293/293 386/294/294
f 384/295/295 385/296/296 386/297/297
f 390/298/298 385/299/299 384/300/300
f 389/301/301 390/302/302 384/303/303
f 399/304/304 396/305/305 391/306/306
f 387/307/307 399/308/308 391/309/309
f 396/310/310 397/311/311 390/312/312
f 391/313/313 396/314/314 390/315/315
f 397/316/316 398/317/317 385/318/318
f 390/319/319 397/320/320 385/321/321
f 398/322/322 399/323/323 387/324/324
f 385/325/325 398/326/326 387/327/327
f 383/328/328 382/329/329 381/330/330
f 380/331/331 383/332/332 381/333/333
f 379/334/334 378/335/335 381/336/336
f 377/337/337 379/338/338 381/339/339
f 381/340/340 382/341/341 377/342/342
f 382/343/343 376/344/344 377/345/345
f 375/346/346 380/347/347 378/348/348
f 374/349/349 375/350/350 378/351/351
f 375/352/352 374/353/353 373/354/354
f 372/355/355 375/356/356 373/357/357
f 372/358/358 373/359/359 371/360/360
f 370/361/361 372/362/362 371/363/363
f 369/364/364 370/365/365 368/366/366
f 367/367/367 369/368/368 368/369/369
f 366/370/370 367/371/371 368/372/372
f 365/373/373 366/374/374 368/375/375
f 368/376/376 371/377/377 365/378/378
f 371/379/379 364/380/380 365/381/381
f 363/382/382 362/383/383 361/384/384
f 360/385/385 363/386/386 361/387/387
f 361/388/388 359/389/389 360/390/390
f 359/391/391 358/392/392 360/393/393
f 358/394/394 359/395/395 357/396/396
f 356/397/397 358/398/398 357/399/399
f 356/400/400 357/401/401 355/402/402
f 356/403/403 355/404/404 354/405/405
f 353/406/406 356/407/407 354/408/408
f 358/409/409 356/410/410 353/411/411
f 358/412/412 352/413/413 360/414/414
f 352/415/415 358/416/416 353/417/417
f 363/418/418 360/419/419 351/420/420
f 352/421/421 351/422/422 360/423/423
f 350/424/424 363/425/425 351/426/426
f 357/427/427 349/428/428 355/429/429
f 374/430/430 348/431/431 347/432/432
f 373/433/433 374/434/434 347/435/435
f 348/436/436 374/437/437 378/438/438
f 379/439/439 348/440/440 378/441/441
f 346/442/442 345/443/443 344/444/444
f 343/445/445 346/446/446 344/447/447
f 342/448/448 346/449/449 343/450/450
f 341/451/451 379/452/452 342/453/453
f 341/454/454 342/455/455 343/456/456
f 379/457/457 341/458/458 340/459/459
f 348/460/460 379/461/461 340/462/462
f 340/463/463 344/464/464 345/465/465
f 348/466/466 340/467/467 339/468/468
f 339/469/469 340/470/470 345/471/471
f 347/472/472 348/473/473 339/474/474
f 364/475/475 347/476/476 339/477/477
f 373/478/478 347/479/479 364/480/480
f 371/481/481 373/482/482 364/483/483
f 414/484/484 364/485/485 339/486/486
f 364/487/487 414/488/488 338/489/489
f 338/490/490 414/491/491 416/492/492
f 337/493/493 338/494/494 416/495/495
f 417/496/496 339/497/497 345/498/498
f 337/499/499 416/500/500 417/501/501
f 345/502/502 337/503/503 417/504/504
f 365/505/505 364/506/506 338/507/507
f 336/508/508 335/509/509 334/510/510
f 333/511/511 336/512/512 334/513/513
f 338/514/514 333/515/515 365/516/516
f 333/517/517 338/518/518 336/519/519
f 334/520/520 332/521/521 333/522/522
f 332/523/523 331/524/524 333/525/525
f 332/526/526 330/527/527 331/528/528
f 330/529/529 329/530/530 331/531/531
f 329/532/532 330/533/533 357/534/534
f 359/535/535 342/536/536 329/537/537
f 357/538/538 359/539/539 329/540/540
f 342/541/541 359/542/542 361/543/543
f 346/544/544 342/545/545 361/546/546
f 346/547/547 361/548/548 328/549/549
f 346/550/550 328/551/551 327/552/552
f 345/553/553 346/554/554 327/555/555
f 337/556/556 345/557/557 326/558/558
f 345/559/559 327/560/560 326/561/561
f 337/562/562 326/563/563 325/564/564
f 324/565/565 338/566/566 337/567/567
f 338/568/568 324/569/569 336/570/570
f 325/571/571 324/572/572 337/573/573
f 361/574/574 362/575/575 328/576/576
f 330/577/577 349/578/578 357/579/579
f 326/580/580 323/581/581 325/582/582
f 331/583/583 329/584/584 376/585/585
f 376/586/586 329/587/587 377/588/588
f 379/589/589 377/590/590 342/591/591
f 329/592/592 342/593/593 377/594/594
f 333/595/595 366/596/596 365/597/597
f 333/598/598 331/599/599 366/600/600
f 322/601/601 331/602/602 376/603/603
f 331/604/604 322/605/605 366/606/606
f 322/607/607 376/608/608 321/609/609
f 376/610/610 382/611/611 321/612/612
f 320/613/613 321/614/614 382/615/615
f 383/616/616 320/617/617 382/618/618
f 321/619/619 320/620/620 367/621/621
f 322/622/622 321/623/623 367/624/624
f 320/625/625 369/626/626 367/627/627
f 366/628/628 322/629/629 367/630/630
f 319/631/631 318/632/632 317/633/633
f 316/634/634 319/635/635 317/636/636
f 315/637/637 314/638/638 313/639/639
f 312/640/640 315/641/641 313/642/642
f 311/643/643 310/644/644 309/645/645
f 308/646/646 311/647/647 309/648/648
f 307/649/649 306/650/650 305/651/651
f 304/652/652 307/653/653 305/654/654
f 303/655/655 302/656/656 301/657/657
f 300/658/658 303/659/659 301/660/660
f 299/661/661 298/662/662 297/663/663
f 296/664/664 299/665/665 297/666/666
f 295/667/667 294/668/668 293/669/669
f 292/670/670 295/671/671 293/672/672
f 291/673/673 290/674/674 289/675/675
f 288/676/676 291/677/677 289/678/678
f 287/679/679 286/680/680 285/681/681
f 284/682/682 287/683/683 285/684/684
f 283/685/685 282/686/686 281/687/687
f 280/688/688 283/689/689 281/690/690
f 279/691/691 278/692/692 277/693/693
f 276/694/694 279/695/695 277/696/696
f 275/697/697 274/698/698 319/699/699
f 316/700/700 275/701/701 319/702/702
f 273/703/703 272/704/704 271/705/705
f 270/706/706 273/707/707 271/708/708
f 269/709/709 268/710/710 309/711/711
f 310/712/712 269/713/713 309/714/714
f 267/715/715 266/716/716 313/717/717
f 314/718/718 267/719/719 313/720/720
f 265/721/721 264/722/722 303/723/723
f 300/724/724 265/725/725 303/726/726
f 419/727/727 263/728/728 307/729/729
f 304/730/730 419/731/731 307/732/732
f 262/733/733 261/734/734 295/735/735
f 292/736/736 262/737/737 295/738/738
f 260/739/739 259/740/740 297/741/741
f 298/742/742 260/743/743 297/744/744
f 287/745/745 290/746/746 291/747/747
f 286/748/748 287/749/749 291/750/750
f 279/751/751 282/752/752 283/753/753
f 278/754/754 279/755/755 283/756/756
f 273/757/757 274/758/758 275/759/759
f 272/760/760 273/761/761 275/762/762
f 267/763/763 268/764/764 269/765/765
f 266/766/766 267/767/767 269/768/768
f 419/769/769 264/770/770 265/771/771
f 263/772/772 419/773/773 265/774/774
f 260/775/775 261/776/776 262/777/777
f 259/778/778 260/779/779 262/780/780
f 317/781/781 318/782/782 258/783/783
f 257/784/784 317/785/785 258/786/786
f 256/787/787 255/788/788 315/789/789
f 312/790/790 256/791/791 315/792/792
f 301/793/793 302/794/794 254/795/795
f 253/796/796 301/797/797 254/798/798
f 252/799/799 251/800/800 299/801/801
f 296/802/802 252/803/803 299/804/804
f 250/805/805 249/806/806 248/807/807
f 247/808/808 250/809/809 248/810/810
f 294/811/811 246/812/812 245/813/813
f 293/814/814 294/815/815 245/816/816
f 244/817/817 243/818/818 242/819/819
f 241/820/820 244/821/821 242/822/822
f 240/823/823 242/824/824 243/825/825
f 239/826/826 240/827/827 243/828/828
f 240/829/829 239/830/830 238/831/831
f 239/832/832 237/833/833 238/834/834
f 238/835/835 237/836/836 236/837/837
f 236/838/838 237/839/839 354/840/840
f 237/841/841 239/842/842 353/843/843
f 237/844/844 353/845/845 354/846/846
f 352/847/847 239/848/848 243/849/849
f 239/850/850 352/851/851 353/852/852
f 351/853/853 352/854/854 243/855/855
f 243/856/856 244/857/857 351/858/858
f 244/859/859 350/860/860 351/861/861
f 235/862/862 238/863/863 236/864/864
f 234/865/865 233/866/866 232/867/867
f 231/868/868 234/869/869 232/870/870
f 234/871/871 231/872/872 230/873/873
f 231/874/874 229/875/875 230/876/876
f 230/877/877 229/878/878 228/879/879
f 228/880/880 229/881/881 227/882/882
f 229/883/883 226/884/884 227/885/885
f 231/886/886 225/887/887 229/888/888
f 225/889/889 226/890/890 229/891/891
f 225/892/892 231/893/893 224/894/894
f 231/895/895 232/896/896 224/897/897
f 223/898/898 232/899/899 233/900/900
f 232/901/901 223/902/902 224/903/903
f 222/904/904 223/905/905 233/906/906
f 221/907/907 230/908/908 228/909/909
f 223/910/910 220/911/911 224/912/912
f 219/913/913 218/914/914 217/915/915
f 216/916/916 215/917/917 214/918/918
f 213/919/919 216/920/920 214/921/921
f 214/922/922 236/923/923 213/924/924
f 236/925/925 354/926/926 213/927/927
f 236/928/928 214/929/929 212/930/930
f 235/931/931 236/932/932 212/933/933
f 214/934/934 215/935/935 211/936/936
f 212/937/937 214/938/938 211/939/939
f 211/940/940 215/941/941 210/942/942
f 215/943/943 209/944/944 210/945/945
f 215/946/946 216/947/947 209/948/948
f 216/949/949 208/950/950 209/951/951
f 209/952/952 208/953/953 220/954/954
f 210/955/955 209/956/956 223/957/957
f 223/958/958 209/959/959 220/960/960
f 222/961/961 210/962/962 223/963/963
f 207/964/964 206/965/965 205/966/966
f 204/967/967 203/968/968 202/969/969
f 201/970/970 204/971/971 202/972/972
f 204/973/973 200/974/974 199/975/975
f 203/976/976 204/977/977 199/978/978
f 198/979/979 197/980/980 196/981/981
f 195/982/982 198/983/983 196/984/984
f 194/985/985 200/986/986 193/987/987
f 192/988/988 194/989/989 193/990/990
f 194/991/991 192/992/992 197/993/993
f 198/994/994 194/995/995 197/996/996
f 241/997/997 242/998/998 191/999/999
f 190/1000/1000 189/1001/1001 188/1002/1002
f 189/1003/1003 187/1004/1004 188/1005/1005
f 188/1006/1006 187/1007/1007 230/1008/1008
f 234/1009/1009 230/1010/1010 187/1011/1011
f 186/1012/1012 234/1013/1013 187/1014/1014
f 234/1015/1015 186/1016/1016 233/1017/1017
f 186/1018/1018 185/1019/1019 233/1020/1020
f 233/1021/1021 185/1022/1022 210/1023/1023
f 211/1024/1024 210/1025/1025 185/1026/1026
f 184/1027/1027 211/1028/1028 185/1029/1029
f 212/1030/1030 211/1031/1031 184/1032/1032
f 183/1033/1033 212/1034/1034 184/1035/1035
f 212/1036/1036 183/1037/1037 238/1038/1038
f 240/1039/1039 238/1040/1040 183/1041/1041
f 182/1042/1042 240/1043/1043 183/1044/1044
f 240/1045/1045 182/1046/1046 242/1047/1047
f 242/1048/1048 181/1049/1049 191/1050/1050
f 191/1051/1051 181/1052/1052 190/1053/1053
f 181/1054/1054 189/1055/1055 190/1056/1056
f 182/1057/1057 181/1058/1058 242/1059/1059
f 235/1060/1060 212/1061/1061 238/1062/1062
f 222/1063/1063 233/1064/1064 210/1065/1065
f 185/1066/1066 186/1067/1067 196/1068/1068
f 180/1069/1069 196/1070/1070 186/1071/1071
f 184/1072/1072 185/1073/1073 197/1074/1074
f 197/1075/1075 185/1076/1076 196/1077/1077
f 192/1078/1078 184/1079/1079 197/1080/1080
f 184/1081/1081 192/1082/1082 193/1083/1083
f 183/1084/1084 184/1085/1085 193/1086/1086
f 182/1087/1087 183/1088/1088 179/1089/1089
f 183/1090/1090 193/1091/1091 179/1092/1092
f 179/1093/1093 178/1094/1094 182/1095/1095
f 384/1096/1096 180/1097/1097 186/1098/1098
f 186/1099/1099 187/1100/1100 389/1101/1101
f 384/1102/1102 186/1103/1103 389/1104/1104
f 180/1105/1105 384/1106/1106 386/1107/1107
f 177/1108/1108 180/1109/1109 386/1110/1110
f 177/1111/1111 386/1112/1112 176/1113/1113
f 176/1114/1114 386/1115/1115 189/1116/1116
f 175/1117/1117 177/1118/1118 176/1119/1119
f 174/1120/1120 175/1121/1121 176/1122/1122
f 178/1123/1123 174/1124/1124 173/1125/1125
f 173/1126/1126 176/1127/1127 189/1128/1128
f 173/1129/1129 174/1130/1130 176/1131/1131
f 178/1132/1132 172/1133/1133 182/1134/1134
f 172/1135/1135 178/1136/1136 173/1137/1137
f 182/1138/1138 172/1139/1139 171/1140/1140
f 181/1141/1141 182/1142/1142 171/1143/1143
f 181/1144/1144 171/1145/1145 170/1146/1146
f 189/1147/1147 181/1148/1148 170/1149/1149
f 170/1150/1150 173/1151/1151 189/1152/1152
f 389/1153/1153 187/1154/1154 388/1155/1155
f 187/1156/1156 189/1157/1157 388/1158/1158
f 386/1159/1159 388/1160/1160 189/1161/1161
f 169/1162/1162 168/1163/1163 177/1164/1164
f 175/1165/1165 169/1166/1166 177/1167/1167
f 169/1168/1168 175/1169/1169 174/1170/1170
f 201/1171/1171 169/1172/1172 174/1173/1173
f 167/1174/1174 166/1175/1175 165/1176/1176
f 168/1177/1177 195/1178/1178 180/1179/1179
f 177/1180/1180 168/1181/1181 180/1182/1182
f 164/1183/1183 163/1184/1184 162/1185/1185
f 161/1186/1186 164/1187/1187 162/1188/1188
f 160/1189/1189 159/1190/1190 158/1191/1191
f 157/1192/1192 160/1193/1193 158/1194/1194
f 156/1195/1195 157/1196/1196 158/1197/1197
f 155/1198/1198 156/1199/1199 158/1200/1200
f 154/1201/1201 159/1202/1202 160/1203/1203
f 153/1204/1204 154/1205/1205 160/1206/1206
f 152/1207/1207 151/1208/1208 150/1209/1209
f 149/1210/1210 152/1211/1211 150/1212/1212
f 148/1213/1213 147/1214/1214 146/1215/1215
f 145/1216/1216 148/1217/1217 146/1218/1218
f 144/1219/1219 143/1220/1220 142/1221/1221
f 141/1222/1222 144/1223/1223 142/1224/1224
f 154/1225/1225 155/1226/1226 143/1227/1227
f 143/1228/1228 155/1229/1229 142/1230/1230
f 142/1231/1231 155/1232/1232 159/1233/1233
f 140/1234/1234 142/1235/1235 159/1236/1236
f 139/1237/1237 138/1238/1238 140/1239/1239
f 159/1240/1240 137/1241/1241 140/1242/1242
f 137/1243/1243 139/1244/1244 140/1245/1245
f 159/1246/1246 154/1247/1247 137/1248/1248
f 136/1249/1249 135/1250/1250 134/1251/1251
f 133/1252/1252 152/1253/1253 149/1254/1254
f 132/1255/1255 133/1256/1256 149/1257/1257
f 143/1258/1258 144/1259/1259 146/1260/1260
f 147/1261/1261 143/1262/1262 146/1263/1263
f 151/1264/1264 148/1265/1265 145/1266/1266
f 150/1267/1267 151/1268/1268 145/1269/1269
f 131/1270/1270 130/1271/1271 129/1272/1272
f 128/1273/1273 131/1274/1274 129/1275/1275
f 127/1276/1276 126/1277/1277 125/1278/1278
f 124/1279/1279 127/1280/1280 125/1281/1281
f 166/1282/1282 167/1283/1283 444/1284/1284
f 445/1285/1285 166/1286/1286 444/1287/1287
f 434/1288/1288 438/1289/1289 439/1290/1290
f 437/1291/1291 434/1292/1292 439/1293/1293
f 442/1294/1294 443/1295/1295 440/1296/1296
f 441/1297/1297 442/1298/1298 440/1299/1299
f 123/1300/1300 122/1301/1301 121/1302/1302
f 120/1303/1303 123/1304/1304 121/1305/1305
f 119/1306/1306 118/1307/1307 117/1308/1308
f 116/1309/1309 119/1310/1310 117/1311/1311
f 136/1312/1312 123/1313/1313 120/1314/1314
f 135/1315/1315 136/1316/1316 120/1317/1317
f 429/1318/1318 428/1319/1319 117/1320/1320
f 118/1321/1321 429/1322/1322 117/1323/1323
f 122/1324/1324 119/1325/1325 116/1326/1326
f 121/1327/1327 122/1328/1328 116/1329/1329
f 115/1330/1330 114/1331/1331 113/1332/1332
f 112/1333/1333 115/1334/1334 113/1335/1335
f 114/1336/1336 111/1337/1337 110/1338/1338
f 113/1339/1339 114/1340/1340 110/1341/1341
f 111/1342/1342 109/1343/1343 108/1344/1344
f 110/1345/1345 111/1346/1346 108/1347/1347
f 109/1348/1348 115/1349/1349 112/1350/1350
f 108/1351/1351 109/1352/1352 112/1353/1353
f 107/1354/1354 106/1355/1355 114/1356/1356
f 115/1357/1357 107/1358/1358 114/1359/1359
f 106/1360/1360 105/1361/1361 111/1362/1362
f 114/1363/1363 106/1364/1364 111/1365/1365
f 105/1366/1366 104/1367/1367 109/1368/1368
f 111/1369/1369 105/1370/1370 109/1371/1371
f 115/1372/1372 109/1373/1373 104/1374/1374
f 107/1375/1375 115/1376/1376 104/1377/1377
f 108/1378/1378 103/1379/1379 268/1380/1380
f 110/1381/1381 108/1382/1382 268/1383/1383
f 112/1384/1384 102/1385/1385 103/1386/1386
f 108/1387/1387 112/1388/1388 103/1389/1389
f 113/1390/1390 101/1391/1391 102/1392/1392
f 112/1393/1393 113/1394/1394 102/1395/1395
f 110/1396/1396 268/1397/1397 101/1398/1398
f 113/1399/1399 110/1400/1400 101/1401/1401
f 100/1402/1402 99/1403/1403 343/1404/1404
f 344/1405/1405 100/1406/1406 343/1407/1407
f 98/1408/1408 100/1409/1409 344/1410/1410
f 340/1411/1411 98/1412/1412 344/1413/1413
f 97/1414/1414 98/1415/1415 340/1416/1416
f 341/1417/1417 97/1418/1418 340/1419/1419
f 99/1420/1420 97/1421/1421 341/1422/1422
f 343/1423/1423 99/1424/1424 341/1425/1425
f 107/1426/1426 104/1427/1427 100/1428/1428
f 98/1429/1429 107/1430/1430 100/1431/1431
f 104/1432/1432 105/1433/1433 99/1434/1434
f 100/1435/1435 104/1436/1436 99/1437/1437
f 105/1438/1438 106/1439/1439 97/1440/1440
f 99/1441/1441 105/1442/1442 97/1443/1443
f 106/1444/1444 107/1445/1445 98/1446/1446
f 97/1447/1447 106/1448/1448 98/1449/1449
f 96/1450/1450 426/1451/1451 422/1452/1452
f 95/1453/1453 96/1454/1454 422/1455/1455
f 95/1456/1456 422/1457/1457 420/1458/1458
f 94/1459/1459 95/1460/1460 420/1461/1461
f 94/1462/1462 420/1463/1463 425/1464/1464
f 93/1465/1465 94/1466/1466 425/1467/1467
f 93/1468/1468 425/1469/1469 426/1470/1470
f 96/1471/1471 93/1472/1472 426/1473/1473
f 412/1474/1474 96/1475/1475 95/1476/1476
f 408/1477/1477 412/1478/1478 95/1479/1479
f 408/1480/1480 95/1481/1481 94/1482/1482
f 409/1483/1483 408/1484/1484 94/1485/1485
f 409/1486/1486 94/1487/1487 93/1488/1488
f 410/1489/1489 409/1490/1490 93/1491/1491
f 96/1492/1492 412/1493/1493 410/1494/1494
f 93/1495/1495 96/1496/1496 410/1497/1497
f 425/1498/1498 420/1499/1499 419/1500/1500
f 424/1501/1501 425/1502/1502 419/1503/1503
f 375/1504/1504 372/1505/1505 92/1506/1506
f 91/1507/1507 375/1508/1508 92/1509/1509
f 380/1510/1510 375/1511/1511 91/1512/1512
f 90/1513/1513 380/1514/1514 91/1515/1515
f 89/1516/1516 383/1517/1517 88/1518/1518
f 380/1519/1519 88/1520/1520 383/1521/1521
f 90/1522/1522 88/1523/1523 380/1524/1524
f 411/1525/1525 339/1526/1526 417/1527/1527
f 418/1528/1528 411/1529/1529 417/1530/1530
f 413/1531/1531 414/1532/1532 339/1533/1533
f 411/1534/1534 413/1535/1535 339/1536/1536
f 370/1537/1537 87/1538/1538 92/1539/1539
f 372/1540/1540 370/1541/1541 92/1542/1542
f 370/1543/1543 369/1544/1544 86/1545/1545
f 87/1546/1546 370/1547/1547 86/1548/1548
f 258/1549/1549 284/1550/1550 285/1551/1551
f 257/1552/1552 258/1553/1553 285/1554/1554
f 289/1555/1555 255/1556/1556 256/1557/1557
f 288/1558/1558 289/1559/1559 256/1560/1560
f 254/1561/1561 276/1562/1562 277/1563/1563
f 253/1564/1564 254/1565/1565 277/1566/1566
f 281/1567/1567 251/1568/1568 252/1569/1569
f 280/1570/1570 281/1571/1571 252/1572/1572
f 250/1573/1573 270/1574/1574 271/1575/1575
f 249/1576/1576 250/1577/1577 271/1578/1578
f 190/1579/1579 188/1580/1580 85/1581/1581
f 84/1582/1582 190/1583/1583 85/1584/1584
f 191/1585/1585 190/1586/1586 84/1587/1587
f 83/1588/1588 191/1589/1589 84/1590/1590
f 228/1591/1591 85/1592/1592 188/1593/1593
f 221/1594/1594 228/1595/1595 188/1596/1596
f 85/1597/1597 228/1598/1598 82/1599/1599
f 84/1600/1600 85/1601/1601 82/1602/1602
f 81/1603/1603 84/1604/1604 82/1605/1605
f 83/1606/1606 84/1607/1607 80/1608/1608
f 84/1609/1609 81/1610/1610 80/1611/1611
f 83/1612/1612 80/1613/1613 350/1614/1614
f 244/1615/1615 83/1616/1616 350/1617/1617
f 191/1618/1618 83/1619/1619 244/1620/1620
f 241/1621/1621 191/1622/1622 244/1623/1623
f 228/1624/1624 227/1625/1625 82/1626/1626
f 200/1627/1627 204/1628/1628 179/1629/1629
f 193/1630/1630 200/1631/1631 179/1632/1632
f 201/1633/1633 174/1634/1634 178/1635/1635
f 204/1636/1636 201/1637/1637 178/1638/1638
f 79/1639/1639 168/1640/1640 169/1641/1641
f 78/1642/1642 79/1643/1643 169/1644/1644
f 202/1645/1645 78/1646/1646 169/1647/1647
f 201/1648/1648 202/1649/1649 169/1650/1650
f 195/1651/1651 168/1652/1652 79/1653/1653
f 77/1654/1654 195/1655/1655 79/1656/1656
f 195/1657/1657 77/1658/1658 76/1659/1659
f 198/1660/1660 195/1661/1661 76/1662/1662
f 198/1663/1663 76/1664/1664 75/1665/1665
f 194/1666/1666 198/1667/1667 75/1668/1668
f 200/1669/1669 194/1670/1670 75/1671/1671
f 199/1672/1672 200/1673/1673 75/1674/1674
f 74/1675/1675 73/1676/1676 72/1677/1677
f 71/1678/1678 74/1679/1679 72/1680/1680
f 71/1681/1681 72/1682/1682 70/1683/1683
f 69/1684/1684 71/1685/1685 70/1686/1686
f 69/1687/1687 70/1688/1688 68/1689/1689
f 67/1690/1690 69/1691/1691 68/1692/1692
f 67/1693/1693 68/1694/1694 73/1695/1695
f 74/1696/1696 67/1697/1697 73/1698/1698
f 66/1699/1699 74/1700/1700 71/1701/1701
f 65/1702/1702 66/1703/1703 71/1704/1704
f 65/1705/1705 71/1706/1706 69/1707/1707
f 64/1708/1708 65/1709/1709 69/1710/1710
f 64/1711/1711 69/1712/1712 67/1713/1713
f 63/1714/1714 64/1715/1715 67/1716/1716
f 74/1717/1717 66/1718/1718 63/1719/1719
f 67/1720/1720 74/1721/1721 63/1722/1722
f 68/1723/1723 70/1724/1724 62/1725/1725
f 61/1726/1726 68/1727/1727 62/1728/1728
f 73/1729/1729 68/1730/1730 61/1731/1731
f 60/1732/1732 73/1733/1733 61/1734/1734
f 72/1735/1735 73/1736/1736 60/1737/1737
f 59/1738/1738 72/1739/1739 60/1740/1740
f 70/1741/1741 72/1742/1742 59/1743/1743
f 62/1744/1744 70/1745/1745 59/1746/1746
f 58/1747/1747 170/1748/1748 171/1749/1749
f 57/1750/1750 58/1751/1751 171/1752/1752
f 56/1753/1753 173/1754/1754 170/1755/1755
f 58/1756/1756 56/1757/1757 170/1758/1758
f 55/1759/1759 172/1760/1760 173/1761/1761
f 56/1762/1762 55/1763/1763 173/1764/1764
f 57/1765/1765 171/1766/1766 172/1767/1767
f 55/1768/1768 57/1769/1769 172/1770/1770
f 66/1771/1771 56/1772/1772 58/1773/1773
f 63/1774/1774 66/1775/1775 58/1776/1776
f 63/1777/1777 58/1778/1778 57/1779/1779
f 64/1780/1780 63/1781/1781 57/1782/1782
f 64/1783/1783 57/1784/1784 55/1785/1785
f 65/1786/1786 64/1787/1787 55/1788/1788
f 65/1789/1789 55/1790/1790 56/1791/1791
f 66/1792/1792 65/1793/1793 56/1794/1794
f 54/1795/1795 53/1796/1796 52/1797/1797
f 51/1798/1798 54/1799/1799 52/1800/1800
f 50/1801/1801 49/1802/1802 53/1803/1803
f 54/1804/1804 50/1805/1805 53/1806/1806
f 51/1807/1807 52/1808/1808 48/1809/1809
f 47/1810/1810 51/1811/1811 48/1812/1812
f 433/1813/1813 431/1814/1814 49/1815/1815
f 50/1816/1816 433/1817/1817 49/1818/1818
f 54/1819/1819 51/1820/1820 46/1821/1821
f 45/1822/1822 54/1823/1823 46/1824/1824
f 53/1825/1825 45/1826/1826 46/1827/1827
f 52/1828/1828 53/1829/1829 46/1830/1830
f 44/1831/1831 164/1832/1832 43/1833/1833
f 42/1834/1834 44/1835/1835 43/1836/1836
f 42/1837/1837 156/1838/1838 153/1839/1839
f 44/1840/1840 42/1841/1841 153/1842/1842
f 164/1843/1843 161/1844/1844 41/1845/1845
f 43/1846/1846 164/1847/1847 41/1848/1848
f 154/1849/1849 153/1850/1850 156/1851/1851
f 155/1852/1852 154/1853/1853 156/1854/1854
f 44/1855/1855 40/1856/1856 163/1857/1857
f 164/1858/1858 44/1859/1859 163/1860/1860
f 163/1861/1861 40/1862/1862 39/1863/1863
f 38/1864/1864 163/1865/1865 39/1866/1866
f 43/1867/1867 38/1868/1868 39/1869/1869
f 42/1870/1870 43/1871/1871 39/1872/1872
f 37/1873/1873 36/1874/1874 35/1875/1875
f 34/1876/1876 37/1877/1877 35/1878/1878
f 161/1879/1879 37/1880/1880 34/1881/1881
f 37/1882/1882 161/1883/1883 36/1884/1884
f 41/1885/1885 161/1886/1886 34/1887/1887
f 33/1888/1888 35/1889/1889 36/1890/1890
f 35/1891/1891 33/1892/1892 34/1893/1893
f 33/1894/1894 41/1895/1895 34/1896/1896
f 161/1897/1897 162/1898/1898 36/1899/1899
f 162/1900/1900 33/1901/1901 36/1902/1902
f 40/1903/1903 160/1904/1904 157/1905/1905
f 39/1906/1906 40/1907/1907 157/1908/1908
f 42/1909/1909 39/1910/1910 157/1911/1911
f 156/1912/1912 42/1913/1913 157/1914/1914
f 38/1915/1915 43/1916/1916 41/1917/1917
f 33/1918/1918 38/1919/1919 41/1920/1920
f 38/1921/1921 33/1922/1922 162/1923/1923
f 163/1924/1924 38/1925/1925 162/1926/1926
f 378/1927/1927 380/1928/1928 381/1929/1929
f 40/1930/1930 44/1931/1931 153/1932/1932
f 160/1933/1933 40/1934/1934 153/1935/1935
f 507/1936/1936 508/1937/1937 130/1938/1938
f 131/1939/1939 507/1940/1940 130/1941/1941
f 137/1942/1942 124/1943/1943 125/1944/1944
f 139/1945/1945 137/1946/1946 125/1947/1947
f 128/1948/1948 129/1949/1949 126/1950/1950
f 127/1951/1951 128/1952/1952 126/1953/1953
f 467/1954/1954 32/1955/1955 31/1956/1956
f 466/1957/1957 467/1958/1958 31/1959/1959
f 30/1960/1960 464/1961/1961 465/1962/1962
f 29/1963/1963 30/1964/1964 465/1965/1965
f 459/1966/1966 28/1967/1967 27/1968/1968
f 458/1969/1969 459/1970/1970 27/1971/1971
f 26/1972/1972 456/1973/1973 457/1974/1974
f 25/1975/1975 26/1976/1976 457/1977/1977
f 453/1978/1978 24/1979/1979 23/1980/1980
f 452/1981/1981 453/1982/1982 23/1983/1983
f 22/1984/1984 468/1985/1985 469/1986/1986
f 21/1987/1987 22/1988/1988 469/1989/1989
f 463/1990/1990 498/1991/1991 499/1992/1992
f 462/1993/1993 463/1994/1994 499/1995/1995
f 205/1996/1996 502/1997/1997 503/1998/1998
f 207/1999/1999 205/2000/2000 503/2001/2001
f 491/2002/2002 219/2003/2003 217/2004/2004
f 490/2005/2005 491/2006/2006 217/2007/2007
f 495/2008/2008 460/2009/2009 461/2010/2010
f 494/2011/2011 495/2012/2012 461/2013/2013
f 455/2014/2014 482/2015/2015 483/2016/2016
f 454/2017/2017 455/2018/2018 483/2019/2019
f 487/2020/2020 449/2021/2021 446/2022/2022
f 486/2023/2023 487/2024/2024 446/2025/2025
f 479/2026/2026 480/2027/2027 30/2028/2028
f 29/2029/2029 479/2030/2030 30/2031/2031
f 481/2032/2032 478/2033/2033 31/2034/2034
f 32/2035/2035 481/2036/2036 31/2037/2037
f 475/2038/2038 476/2039/2039 26/2040/2040
f 25/2041/2041 475/2042/2042 26/2043/2043
f 477/2044/2044 474/2045/2045 27/2046/2046
f 28/2047/2047 477/2048/2048 27/2049/2049
f 471/2050/2050 472/2051/2051 22/2052/2052
f 21/2053/2053 471/2054/2054 22/2055/2055
f 473/2056/2056 470/2057/2057 23/2058/2058
f 24/2059/2059 473/2060/2060 23/2061/2061
f 49/2062/2062 431/2063/2063 432/2064/2064
f 20/2065/2065 49/2066/2066 432/2067/2067
f 50/2068/2068 20/2069/2069 432/2070/2070
f 433/2071/2071 50/2072/2072 432/2073/2073
f 370/2074/2074 371/2075/2075 368/2076/2076
f 48/2077/2077 52/2078/2078 46/2079/2079
f 19/2080/2080 48/2081/2081 46/2082/2082
f 47/2083/2083 19/2084/2084 46/2085/2085
f 51/2086/2086 47/2087/2087 46/2088/2088
f 220/2089/2089 18/2090/2090 224/2091/2091
f 324/2092/2092 17/2093/2093 16/2094/2094
f 18/2095/2095 16/2096/2096 224/2097/2097
f 16/2098/2098 17/2099/2099 224/2100/2100
f 17/2101/2101 324/2102/2102 325/2103/2103
f 15/2104/2104 17/2105/2105 325/2106/2106
f 15/2107/2107 325/2108/2108 14/2109/2109
f 15/2110/2110 14/2111/2111 227/2112/2112
f 226/2113/2113 15/2114/2114 227/2115/2115
f 17/2116/2116 225/2117/2117 224/2118/2118
f 225/2119/2119 17/2120/2120 15/2121/2121
f 226/2122/2122 225/2123/2123 15/2124/2124
f 336/2125/2125 324/2126/2126 16/2127/2127
f 16/2128/2128 18/2129/2129 336/2130/2130
f 18/2131/2131 335/2132/2132 336/2133/2133
f 325/2134/2134 323/2135/2135 14/2136/2136
f 216/2137/2137 213/2138/2138 13/2139/2139
f 355/2140/2140 13/2141/2141 213/2142/2142
f 354/2143/2143 355/2144/2144 213/2145/2145
f 12/2146/2146 216/2147/2147 13/2148/2148
f 12/2149/2149 13/2150/2150 332/2151/2151
f 12/2152/2152 332/2153/2153 334/2154/2154
f 11/2155/2155 12/2156/2156 334/2157/2157
f 216/2158/2158 12/2159/2159 11/2160/2160
f 11/2161/2161 334/2162/2162 18/2163/2163
f 11/2164/2164 18/2165/2165 220/2166/2166
f 208/2167/2167 11/2168/2168 220/2169/2169
f 208/2170/2170 216/2171/2171 11/2172/2172
f 13/2173/2173 330/2174/2174 332/2175/2175
f 13/2176/2176 355/2177/2177 330/2178/2178
f 355/2179/2179 349/2180/2180 330/2181/2181
f 334/2182/2182 335/2183/2183 18/2184/2184
f 227/2185/2185 14/2186/2186 82/2187/2187
f 327/2188/2188 10/2189/2189 9/2190/2190
f 14/2191/2191 9/2192/2192 82/2193/2193
f 9/2194/2194 10/2195/2195 82/2196/2196
f 327/2197/2197 328/2198/2198 10/2199/2199
f 328/2200/2200 8/2201/2201 10/2202/2202
f 8/2203/2203 328/2204/2204 363/2205/2205
f 8/2206/2206 363/2207/2207 350/2208/2208
f 10/2209/2209 8/2210/2210 80/2211/2211
f 80/2212/2212 8/2213/2213 350/2214/2214
f 10/2215/2215 81/2216/2216 82/2217/2217
f 81/2218/2218 10/2219/2219 80/2220/2220
f 9/2221/2221 14/2222/2222 326/2223/2223
f 326/2224/2224 327/2225/2225 9/2226/2226
f 14/2227/2227 323/2228/2228 326/2229/2229
f 328/2230/2230 362/2231/2231 363/2232/2232
f 306/2233/2233 7/2234/2234 305/2235/2235
f 53/2236/2236 49/2237/2237 20/2238/2238
f 45/2239/2239 53/2240/2240 20/2241/2241
f 54/2242/2242 45/2243/2243 20/2244/2244
f 50/2245/2245 54/2246/2246 20/2247/2247
f 308/2248/2248 6/2249/2249 311/2250/2250
f 5/2251/2251 4/2252/2252 3/2253/2253
f 5/2254/2254 47/2255/2255 4/2256/2256
f 47/2257/2257 5/2258/2258 19/2259/2259
f 5/2260/2260 3/2261/2261 19/2262/2262
f 3/2263/2263 4/2264/2264 19/2265/2265
f 47/2266/2266 48/2267/2267 4/2268/2268
f 4/2269/2269 48/2270/2270 19/2271/2271
f 221/2272/2272 188/2273/2273 230/2274/2274
f 383/2275/2275 89/2276/2276 2/2277/2277
f 320/2278/2278 383/2279/2279 2/2280/2280
f 369/2281/2281 320/2282/2282 2/2283/2283
f 86/2284/2284 369/2285/2285 2/2286/2286
f 204/2287/2287 178/2288/2288 179/2289/2289
f 133/2290/2290 132/2291/2291 1/2292/2292
f 180/2293/2293 195/2294/2294 196/2295/2295
